,distance,travel_time,is_express,is_superexpress,is_bus,is_airplane,transfer_times,pass_stations
0,963.4,266.0,False,False,True,True,4,15
1,815.4,204.0,False,False,True,True,3,21
2,995.2,290.0,False,False,False,True,3,16
3,1098.5,364.0,True,False,False,True,4,17
4,1010.2,281.0,True,False,False,True,5,11
5,1093.1,347.0,False,False,True,True,4,52
6,1047.7,232.0,False,False,True,True,3,19
7,1209.7,299.0,False,False,True,True,4,15
8,982.3,310.0,True,False,True,True,5,46
9,990.6,295.0,False,False,False,True,5,22
10,1199.5,229.0,False,False,True,True,3,33
11,1179.0,433.0,True,False,True,True,5,91
12,945.9,255.0,False,False,True,True,5,11
13,1353.1,479.0,True,False,True,True,4,16
14,1019.4,316.0,True,False,False,True,4,13
15,1073.4,397.0,True,False,False,True,5,20
16,971.1,278.0,False,False,False,True,5,18
17,1059.0,362.0,True,False,False,True,5,17
18,1260.3,525.0,True,False,True,True,4,12
19,1153.5,431.0,True,False,False,True,5,25
20,1176.6,473.0,True,False,False,True,5,30
21,1014.4,373.0,False,False,True,True,6,64
22,1227.5,376.0,False,False,True,True,4,34
23,922.3,236.0,False,False,True,True,4,13
24,1045.1,330.0,True,False,True,True,5,17
25,1036.9,316.0,True,False,False,True,4,14
26,1048.4,382.0,True,False,True,True,5,37
27,1123.2,345.0,False,False,True,True,5,7
28,1099.8,408.0,True,False,False,True,5,23
29,993.7,276.0,True,False,False,True,4,8
30,928.7,231.0,False,False,False,True,3,8
31,286.2,178.0,False,True,True,False,1,28
32,940.3,242.0,False,False,False,True,3,9
33,977.0,311.0,False,False,True,True,5,45
34,868.9,340.0,False,True,False,False,0,10
35,719.1,222.0,False,True,True,False,2,10
36,750.7,277.0,False,True,True,False,2,22
37,637.8,188.0,False,True,False,False,1,7
38,765.4,303.0,False,True,False,False,2,27
39,743.0,256.0,False,True,True,False,1,43
40,669.5,254.0,False,True,True,False,2,29
41,659.0,288.0,False,True,True,False,2,19
42,749.2,305.0,False,True,True,False,2,31
43,773.8,368.0,False,True,True,False,3,38
44,755.4,273.0,False,True,False,False,2,20
45,535.5,140.0,False,True,False,False,0,4
46,650.8,372.0,False,True,True,False,2,76
47,529.4,276.0,False,True,True,False,1,62
48,571.2,195.0,False,True,False,False,1,13
49,489.9,193.0,False,True,False,False,1,8
50,705.3,314.0,False,True,False,False,2,30
51,629.8,310.0,False,True,False,False,2,29
52,446.6,163.0,False,True,False,False,1,6
53,512.9,254.0,False,True,True,False,1,52
54,654.6,322.0,False,True,False,False,2,34
55,606.2,229.0,False,True,False,False,0,6
56,565.5,256.0,False,True,True,False,1,55
57,472.7,187.0,False,True,False,False,1,7
58,542.9,170.0,False,True,True,False,1,20
59,358.3,131.0,False,True,False,False,1,8
60,399.1,177.0,False,True,False,False,1,16
61,367.0,143.0,False,True,False,False,1,14
62,512.7,306.0,False,True,False,False,2,21
63,308.1,143.0,False,True,False,False,0,9
64,364.7,133.0,False,True,False,False,1,8
65,388.4,185.0,False,True,False,False,2,14
66,364.4,140.0,False,True,False,False,1,12
67,371.0,160.0,False,True,False,False,1,9
68,447.4,217.0,False,True,True,False,1,7
69,423.2,178.0,False,True,True,False,2,5
70,390.9,170.0,False,True,False,False,1,12
71,399.8,143.0,False,True,True,False,2,14
72,371.8,188.0,False,True,True,False,2,29
73,662.9,234.0,False,True,False,False,0,9
74,728.8,364.0,False,True,True,False,1,19
75,643.6,337.0,False,True,True,False,3,22
76,659.5,286.0,False,True,True,False,1,14
77,700.6,317.0,False,True,False,False,1,19
78,647.4,288.0,False,True,False,False,1,14
79,625.8,235.0,False,True,True,False,1,10
80,705.9,309.0,False,True,False,False,1,17
81,678.0,290.0,False,True,True,False,1,49
82,612.6,218.0,False,True,False,False,0,8
83,664.0,218.0,False,False,True,True,3,8
84,574.6,267.0,False,False,True,True,4,17
85,596.1,203.0,False,True,True,False,1,10
86,364.1,213.0,False,True,True,False,1,20
87,316.6,149.0,False,True,True,False,1,17
88,489.9,292.0,True,True,True,False,2,45
89,521.7,165.0,False,False,True,True,3,3
90,422.5,227.0,False,True,False,False,0,14
91,430.2,259.0,False,True,False,False,2,27
92,349.0,172.0,False,True,False,False,0,8
93,387.8,207.0,False,True,False,False,0,12
94,340.9,202.0,False,True,False,False,2,13
95,375.7,210.0,False,True,False,False,0,10
96,381.6,195.0,False,True,False,False,0,11
97,407.7,292.0,False,True,True,False,1,23
98,329.8,147.0,False,True,False,False,1,7
99,275.1,116.0,False,True,True,False,1,11
100,298.0,255.0,False,True,True,False,2,17
101,230.3,106.0,False,True,True,False,1,13
102,239.3,263.0,True,False,False,False,1,16
103,189.8,134.0,False,True,False,False,1,6
104,239.9,143.0,False,True,False,False,1,6
105,314.1,261.0,False,True,True,False,3,24
106,337.3,219.0,False,True,True,False,1,49
107,251.2,137.0,False,True,False,False,1,9
108,255.8,166.0,False,True,False,False,1,9
109,337.3,219.0,False,True,True,False,1,49
110,286.2,178.0,False,True,True,False,1,28
111,248.4,213.0,False,True,False,False,1,7
112,116.8,116.0,True,False,False,False,1,7
113,153.7,113.0,True,False,False,False,0,7
114,69.7,57.0,True,False,False,False,0,3
115,98.8,104.0,False,True,False,False,1,6
116,89.0,88.0,True,False,True,False,1,12
117,87.1,81.0,False,True,False,False,1,3
118,51.3,57.0,False,False,False,False,0,12
119,69.6,130.0,False,False,False,False,2,12
120,48.3,74.0,False,False,False,False,2,9
121,142.3,138.0,True,False,False,False,2,13
122,176.0,168.0,True,False,False,False,1,12
123,185.9,154.0,True,False,False,False,1,14
124,105.3,87.0,True,False,False,False,0,5
125,45.6,67.0,False,False,True,False,1,16
126,58.3,92.0,False,False,True,False,1,16
127,58.3,77.0,False,False,False,False,2,13
128,132.6,108.0,True,False,False,False,1,4
129,115.1,127.0,False,False,True,False,0,5
130,100.5,141.0,False,False,True,False,0,0
131,41.3,79.0,False,False,False,False,1,16
132,145.3,127.0,True,False,False,False,1,12
133,130.5,104.0,True,False,False,False,1,7
134,96.9,81.0,False,True,False,False,1,9
135,59.7,108.0,False,False,True,False,2,36
136,92.7,117.0,True,False,True,False,1,46
137,96.2,142.0,True,False,True,False,1,46
138,87.3,203.0,False,False,True,False,3,11
139,134.8,200.0,True,False,True,False,1,31
140,161.4,238.0,True,False,False,False,1,10
141,103.8,170.0,False,False,True,False,2,56
142,47.1,67.0,False,False,False,False,2,9
143,98.9,158.0,True,False,False,False,1,4
144,115.4,90.0,False,True,True,False,1,21
145,90.7,96.0,True,False,False,False,1,9
146,89.6,96.0,True,True,True,False,2,4
147,84.8,103.0,True,False,False,False,2,15
148,127.4,103.0,False,True,True,False,1,43
149,141.5,131.0,False,True,True,False,1,69
150,46.7,71.0,True,False,False,False,1,14
151,131.9,114.0,False,True,True,False,1,49
152,166.8,98.0,False,True,True,False,2,13
153,174.8,105.0,False,True,False,False,1,8
154,164.0,102.0,False,True,True,False,1,13
155,127.8,96.0,False,True,False,False,1,7
156,134.3,127.0,False,True,False,False,1,10
157,90.8,73.0,False,True,False,False,1,5
158,120.3,106.0,False,True,False,False,1,8
159,106.6,63.0,False,True,True,False,1,8
160,114.8,153.0,True,False,False,False,2,15
161,130.2,108.0,False,True,True,False,2,15
162,111.7,195.0,True,False,False,False,2,19
163,161.0,112.0,False,True,True,False,1,20
164,79.8,100.0,True,False,False,False,1,8
165,136.8,111.0,True,True,True,False,2,11
166,117.6,102.0,False,True,False,False,1,7
167,125.4,109.0,False,True,False,False,1,16
168,118.3,116.0,False,True,False,False,1,6
169,142.0,147.0,False,True,True,False,2,19
170,23.3,49.0,False,False,False,False,0,16
171,40.1,54.0,True,False,False,False,1,11
172,70.1,73.0,False,True,True,False,1,14
173,20.4,55.0,False,False,False,False,1,16
174,71.3,87.0,False,False,False,False,2,15
175,87.4,130.0,True,False,False,False,1,13
176,36.5,74.0,True,False,True,False,3,12
177,53.8,85.0,True,False,False,False,1,11
178,61.3,94.0,False,False,False,False,1,15
179,125.3,94.0,False,True,False,False,1,7
180,59.4,82.0,True,False,False,False,1,13
181,44.6,65.0,False,True,False,False,1,10
182,43.2,68.0,True,False,False,False,2,12
183,65.8,149.0,False,False,False,False,1,15
184,51.8,73.0,False,False,True,False,2,15
185,81.5,100.0,False,False,False,False,1,15
186,39.6,56.0,False,False,False,False,0,8
187,20.6,60.0,False,False,True,False,2,17
188,32.8,78.0,False,False,True,False,2,16
189,21.0,47.0,False,False,True,False,1,18
190,19.8,43.0,False,False,True,False,2,10
191,45.5,57.0,True,False,False,False,1,10
192,25.7,51.0,True,False,False,False,1,8
193,27.5,63.0,True,False,False,False,2,8
194,20.2,42.0,False,False,False,False,1,14
195,29.8,72.0,True,False,True,False,2,18
196,42.8,59.0,False,False,False,False,1,8
197,52.5,76.0,True,False,False,False,1,7
198,50.9,87.0,False,False,True,False,2,17
199,19.2,58.0,False,False,True,False,2,13
200,32.2,64.0,False,False,True,False,2,17
201,43.4,65.0,False,False,False,False,0,16
202,39.5,47.0,False,False,False,False,0,9
203,53.4,100.0,True,False,False,False,2,12
204,53.1,98.0,True,False,False,False,2,7
205,46.9,81.0,True,False,False,False,2,13
206,58.6,98.0,True,False,False,False,2,13
207,40.0,73.0,False,False,False,False,1,21
208,30.5,73.0,False,False,True,False,2,27
209,44.7,62.0,False,False,False,False,0,10
210,48.0,58.0,True,False,False,False,2,6
211,122.1,128.0,True,False,False,False,0,10
212,19.0,43.0,False,False,False,False,2,10
213,23.6,36.0,False,False,False,False,0,6
214,121.4,144.0,False,False,True,False,0,6
215,74.4,82.0,False,False,False,False,1,17
216,36.0,64.0,False,False,False,False,0,13
217,47.0,63.0,False,False,False,False,1,14
218,75.3,77.0,True,False,False,False,0,4
219,69.0,67.0,True,False,False,False,1,5
220,44.3,75.0,True,False,False,False,2,14
221,68.2,85.0,True,False,False,False,1,10
222,106.1,121.0,True,False,False,False,0,8
223,28.2,50.0,True,False,False,False,1,6
224,37.4,69.0,False,False,True,False,1,19
225,111.2,105.0,True,False,False,False,0,8
226,55.9,76.0,False,False,True,False,2,23
227,29.4,59.0,False,False,False,False,1,13
228,35.3,60.0,True,False,False,False,1,8
229,38.0,56.0,False,False,False,False,0,8
230,133.4,133.0,True,False,False,False,0,10
231,31.4,54.0,False,False,False,False,1,10
232,61.3,85.0,False,False,True,False,0,5
233,91.5,129.0,False,False,False,False,2,20
234,14.4,31.0,False,False,True,False,1,5
235,48.0,54.0,True,False,False,False,1,3
236,45.3,73.0,False,False,True,False,0,2
237,66.6,65.0,True,False,False,False,0,4
238,47.2,88.0,False,False,True,False,2,25
239,35.1,65.0,False,False,False,False,2,12
240,96.6,151.0,True,False,True,False,1,4
241,157.1,175.0,True,False,False,False,1,16
242,95.3,102.0,True,False,False,False,0,7
243,96.0,128.0,False,False,False,False,1,20
244,77.7,78.0,True,False,False,False,0,5
245,106.5,133.0,True,False,False,False,1,10
246,63.1,61.0,True,False,False,False,0,3
247,45.7,74.0,True,False,True,False,2,18
248,38.1,50.0,False,False,False,False,0,8
249,22.8,36.0,False,False,False,False,0,10
250,26.6,46.0,False,False,True,False,1,13
251,56.5,105.0,False,False,False,False,2,24
252,32.7,53.0,True,False,False,False,1,9
253,42.2,65.0,False,False,False,False,1,11
254,26.2,46.0,True,False,False,False,1,8
255,45.8,59.0,False,True,False,False,1,9
256,29.4,55.0,False,False,True,False,2,14
257,35.2,52.0,False,False,False,False,1,9
258,44.0,61.0,False,False,False,False,0,10
259,37.7,72.0,True,False,False,False,2,8
260,33.7,54.0,False,False,False,False,1,7
261,36.6,66.0,False,False,True,False,3,14
262,47.7,72.0,False,False,False,False,1,15
263,24.4,50.0,False,False,False,False,2,12
264,40.6,62.0,False,False,False,False,2,12
265,30.1,72.0,False,False,True,False,2,20
266,26.9,57.0,False,False,False,False,1,14
267,45.3,84.0,False,False,True,False,1,26
268,38.5,70.0,True,False,False,False,2,14
269,37.4,70.0,True,False,False,False,2,12
270,50.0,79.0,False,False,False,False,1,16
271,49.1,87.0,False,False,False,False,2,15
272,24.0,62.0,False,False,True,False,2,15
273,33.6,52.0,False,True,False,False,1,2
274,28.6,56.0,True,False,False,False,1,5
275,36.7,51.0,False,True,False,False,1,8
276,66.9,105.0,True,False,True,False,2,33
277,66.1,79.0,True,False,True,False,2,15
278,51.3,55.0,True,False,False,False,1,6
279,54.6,80.0,True,False,False,False,1,11
280,84.4,42.0,False,True,False,False,0,3
281,60.5,71.0,True,False,True,False,2,11
282,55.2,62.0,True,False,False,False,1,7
283,77.4,115.0,True,False,True,False,2,23
284,76.5,99.0,False,False,False,False,1,18
285,57.1,88.0,False,False,False,False,1,12
286,40.6,62.0,False,False,False,False,2,12
287,69.4,111.0,False,False,True,False,3,34
288,53.3,76.0,False,False,False,False,1,11
289,45.8,74.0,False,False,False,False,2,14
290,93.9,79.0,False,True,False,False,1,14
291,51.9,81.0,True,True,True,False,3,13
292,334.8,135.0,False,True,False,False,0,9
293,286.9,154.0,False,True,True,False,1,35
294,295.1,127.0,False,True,False,False,0,8
295,305.7,225.0,False,True,False,False,1,15
297,295.1,181.0,False,True,True,False,1,43
298,302.8,175.0,False,True,False,False,1,14
299,233.6,133.0,False,True,False,False,1,11
300,290.1,187.0,False,True,True,False,1,36
301,394.7,170.0,True,True,False,False,1,12
302,311.1,229.0,False,True,True,False,2,41
303,332.0,187.0,False,True,False,False,1,11
304,289.0,175.0,False,True,False,False,1,10
305,328.1,224.0,False,True,False,False,2,22
306,293.4,161.0,False,True,False,False,1,12
307,377.0,225.0,False,True,False,False,2,19
308,412.8,309.0,False,True,True,False,3,20
310,217.5,113.0,False,True,False,False,1,7
311,376.1,177.0,True,True,False,False,1,10
312,392.2,130.0,False,True,False,False,0,3
313,412.3,187.0,False,True,False,False,1,7
314,418.3,180.0,False,True,False,False,1,9
315,425.9,240.0,False,True,True,False,2,35
316,414.3,215.0,False,True,False,False,2,11
317,426.0,194.0,False,True,True,False,2,10
318,508.5,212.0,False,True,True,False,1,8
319,484.4,245.0,False,True,True,False,2,19
320,496.0,253.0,False,True,True,False,1,16
321,415.8,201.0,False,True,True,False,2,24
322,452.2,171.0,False,True,True,False,1,7
323,516.9,246.0,True,True,False,False,1,6
324,478.0,210.0,False,True,False,False,1,12
325,570.5,404.0,True,True,True,False,2,32
326,589.9,388.0,True,True,True,False,1,34
327,494.7,227.0,True,True,False,False,1,4
328,492.2,225.0,True,True,False,False,1,4
329,477.1,237.0,False,True,False,False,1,13
330,460.1,170.0,False,True,False,False,1,7
331,473.7,190.0,False,True,False,False,1,11
332,459.3,191.0,False,True,False,False,2,9
333,547.7,228.0,True,True,True,False,2,15
334,497.4,257.0,True,True,True,False,2,19
335,606.5,272.0,False,True,True,False,2,62
336,581.7,344.0,True,True,False,False,2,26
337,574.8,302.0,True,True,False,False,2,33
338,533.1,215.0,True,True,False,False,1,10
339,568.7,265.0,True,True,True,False,2,24
340,539.7,248.0,True,True,True,False,2,33
341,561.3,281.0,True,True,True,False,2,38
342,136.6,143.0,True,False,True,False,2,18
343,116.4,145.0,False,False,True,False,0,2
344,96.4,139.0,True,False,False,False,2,12
345,122.2,105.0,True,False,False,False,1,9
346,89.2,99.0,True,False,False,False,1,7
347,147.8,130.0,True,False,False,False,1,8
348,156.5,297.0,True,False,True,False,2,39
349,168.3,170.0,True,False,False,False,2,12
350,146.9,176.0,True,False,False,False,2,9
351,129.2,131.0,True,False,False,False,1,10
352,71.8,107.0,False,False,False,False,1,16
353,117.0,104.0,True,False,False,False,1,8
354,590.9,204.0,False,True,False,False,2,10
355,223.5,93.0,False,True,False,False,0,2
356,288.6,174.0,True,True,True,False,2,12
357,189.8,92.0,False,True,False,False,0,5
358,211.6,177.0,True,False,False,False,1,12
359,496.2,280.0,False,True,True,False,1,14
360,202.6,164.0,True,False,False,False,1,11
361,245.8,209.0,False,True,True,False,2,39
362,169.1,127.0,False,True,False,False,1,9
363,229.0,247.0,False,False,True,False,1,14
364,242.0,272.0,False,False,True,False,1,17
365,248.6,162.0,False,True,False,False,1,24
366,271.3,194.0,True,True,True,False,1,10
367,256.5,160.0,False,True,False,False,0,7
368,196.6,166.0,True,False,False,False,1,10
369,298.9,166.0,True,True,False,False,1,5
370,176.4,148.0,False,True,False,False,1,15
371,236.5,150.0,False,True,False,False,1,11
372,199.2,148.0,False,True,False,False,1,8
373,297.2,206.0,True,True,False,False,2,12
374,398.3,150.0,True,True,True,False,2,10
375,411.7,165.0,True,True,False,False,1,6
376,482.5,270.0,True,True,False,False,1,8
377,407.9,205.0,True,True,False,False,1,5
378,436.6,198.0,True,True,False,False,3,20
379,446.0,160.0,True,True,False,False,1,6
380,441.3,206.0,True,True,False,False,3,23
381,417.0,160.0,True,True,False,False,2,7
382,398.3,130.0,False,True,False,False,2,5
383,435.1,176.0,True,True,False,False,2,10
384,424.5,180.0,True,True,False,False,2,12
385,409.2,142.0,True,True,False,False,2,5
386,405.2,167.0,True,True,True,False,3,9
387,408.2,197.0,False,True,False,False,2,17
388,408.6,192.0,True,True,True,False,2,35
389,402.8,142.0,False,True,False,False,1,7
390,472.3,314.0,True,True,False,False,1,7
391,409.9,197.0,False,True,True,False,2,34
392,457.3,223.0,False,True,True,False,2,20
393,485.9,227.0,True,True,False,False,1,6
394,408.5,225.0,False,True,False,False,2,9
395,181.2,74.0,False,True,False,False,0,4
396,258.1,99.0,False,True,False,False,0,5
397,132.2,96.0,False,True,True,False,3,15
398,108.0,59.0,False,True,True,False,1,13
399,121.0,54.0,False,True,False,False,1,3
400,158.7,127.0,False,True,False,False,3,18
401,137.1,130.0,False,True,False,False,1,13
402,208.5,109.0,False,True,False,False,1,11
403,150.3,137.0,False,True,True,False,3,23
404,270.5,135.0,False,True,False,False,1,8
405,195.2,101.0,False,True,False,False,1,7
406,230.6,117.0,False,True,False,False,2,4
407,205.9,148.0,False,True,True,False,2,23
408,157.7,197.0,False,True,False,False,2,14
409,277.2,128.0,False,True,False,False,1,10
410,167.4,136.0,True,True,False,False,1,10
411,135.2,133.0,False,True,True,False,2,36
412,278.2,145.0,False,True,False,False,1,10
413,141.4,115.0,False,True,False,False,2,17
414,253.8,155.0,False,True,True,False,2,49
415,226.4,136.0,False,True,True,False,2,20
416,133.1,103.0,False,True,False,False,2,11
417,217.0,134.0,True,True,True,False,1,13
418,377.0,146.0,False,True,True,False,2,7
419,295.1,101.0,False,True,False,False,0,3
420,329.2,182.0,True,True,True,False,2,20
421,385.5,144.0,False,True,True,False,2,8
422,396.2,158.0,False,True,False,False,2,14
423,399.9,169.0,False,True,False,False,2,13
424,388.4,154.0,False,True,True,False,2,17
425,311.0,213.0,True,True,False,False,3,4
426,384.2,160.0,False,True,False,False,1,13
427,403.6,198.0,False,True,False,False,2,13
428,392.0,149.0,False,True,False,False,2,7
429,398.9,167.0,False,True,False,False,2,23
430,399.2,150.0,False,True,False,False,1,8
431,413.7,219.0,True,True,False,False,2,17
432,311.4,124.0,False,True,False,False,1,8
433,394.5,157.0,False,True,False,False,1,12
434,402.9,177.0,True,True,False,False,1,10
435,386.1,149.0,False,True,False,False,1,9
436,385.2,163.0,False,True,True,False,2,18
437,379.1,148.0,False,True,False,False,1,6
438,315.8,176.0,False,True,False,False,1,12
439,386.1,148.0,True,True,False,False,1,7
440,386.0,141.0,False,True,False,False,1,11
441,388.7,148.0,True,True,False,False,1,8
442,392.5,166.0,True,True,False,False,1,6
443,387.3,175.0,False,True,False,False,2,16
444,398.9,166.0,False,True,False,False,2,11
445,380.4,153.0,False,True,False,False,1,7
446,386.3,164.0,False,True,False,False,1,10
447,382.8,160.0,False,True,False,False,2,15
448,312.3,147.0,False,True,False,False,1,18
449,381.3,172.0,False,True,False,False,1,7
450,375.9,148.0,False,True,False,False,1,5
451,375.7,137.0,False,True,False,False,1,6
452,392.1,181.0,False,True,True,False,2,16
453,389.1,187.0,False,True,True,False,3,27
454,374.2,144.0,False,True,False,False,1,7
455,382.1,168.0,False,True,False,False,2,17
456,544.9,194.0,False,True,False,False,2,9
457,403.6,165.0,False,True,False,False,1,8
458,472.5,201.0,True,True,False,False,1,10
459,454.3,206.0,True,True,False,False,2,9
460,390.4,153.0,False,True,False,False,1,6
461,418.4,174.0,False,True,False,False,2,12
462,487.8,224.0,True,True,False,False,2,11
463,544.0,313.0,True,True,False,False,1,12
464,426.3,176.0,False,True,False,False,1,11
465,486.7,224.0,True,True,False,False,1,13
466,574.5,292.0,True,True,False,False,1,13
467,423.6,234.0,False,True,False,False,2,19
468,505.1,274.0,True,True,False,False,1,14
469,491.2,253.0,True,True,False,False,3,18
470,528.6,177.0,False,True,False,False,2,12
471,452.3,162.0,False,True,False,False,2,5
472,454.8,199.0,True,True,False,False,1,8
473,475.8,197.0,False,True,False,False,2,12
474,536.4,180.0,False,True,False,False,1,9
475,543.4,202.0,False,True,True,False,2,22
476,540.4,191.0,False,True,False,False,2,9
477,559.3,220.0,False,True,True,False,3,19
478,486.6,218.0,False,True,False,False,2,14
479,548.9,201.0,False,True,False,False,2,12
480,493.0,234.0,False,True,False,False,2,17
481,484.6,217.0,False,True,False,False,3,18
482,460.0,203.0,False,True,False,False,2,7
483,517.2,163.0,False,True,False,False,2,7
484,603.6,273.0,True,True,False,False,2,9
485,617.5,279.0,True,True,False,False,2,13
486,590.4,233.0,True,True,False,False,1,8
487,531.8,179.0,False,True,True,False,2,15
488,694.5,370.0,False,True,True,False,2,7
489,532.1,184.0,False,True,False,False,1,13
490,535.9,195.0,False,True,False,False,1,8
491,521.4,173.0,False,True,False,False,1,7
492,530.1,201.0,True,True,False,False,2,8
493,529.5,182.0,True,True,False,False,2,8
494,534.4,197.0,True,True,False,False,2,13
495,713.6,326.0,False,True,True,False,1,13
497,548.5,252.0,False,True,False,False,2,15
498,564.2,204.0,False,True,False,False,2,14
499,572.4,206.0,False,True,False,False,2,15
500,589.3,237.0,False,True,False,False,2,24
501,563.0,200.0,False,True,False,False,2,9
502,537.7,188.0,False,False,False,True,4,5
503,557.5,185.0,False,True,False,False,1,7
504,581.5,223.0,False,True,True,False,3,19
505,535.2,172.0,False,True,False,False,1,4
506,713.1,206.0,False,False,False,True,4,5
507,565.7,196.0,False,True,False,False,2,13
508,539.1,189.0,True,True,False,False,2,7
509,541.0,183.0,False,True,False,False,2,7
510,574.8,208.0,False,True,False,False,2,12
511,595.4,234.0,True,True,False,False,2,17
512,594.5,278.0,False,True,True,False,4,28
513,545.9,196.0,True,True,False,False,2,9
514,593.3,262.0,False,True,True,False,3,24
515,574.6,215.0,False,True,False,False,2,15
516,570.1,193.0,False,True,False,False,2,11
517,585.1,233.0,False,True,False,False,2,22
518,566.1,216.0,False,True,True,False,2,17
519,580.0,226.0,False,True,False,False,3,20
520,583.1,232.0,False,True,False,False,2,15
521,567.5,201.0,False,True,False,False,3,15
522,544.9,194.0,False,True,False,False,2,9
523,580.9,231.0,False,True,False,False,2,19
524,578.0,216.0,False,True,False,False,2,17
525,573.7,224.0,False,True,False,False,3,15
526,613.6,266.0,True,True,False,False,2,12
527,577.9,238.0,False,True,True,False,3,20
528,543.5,201.0,True,True,False,False,3,15
529,581.3,219.0,False,True,False,False,2,18
530,730.6,342.0,False,False,True,True,6,35
531,597.1,198.0,False,True,False,False,1,13
532,645.9,215.0,False,True,False,False,1,8
533,568.2,200.0,False,True,False,False,1,9
534,616.8,209.0,False,True,False,False,2,7
535,572.2,198.0,True,True,False,False,2,7
536,664.6,295.0,False,True,True,False,2,25
537,576.2,197.0,False,True,False,False,1,9
538,538.6,175.0,False,False,True,True,3,11
539,666.6,224.0,False,True,False,False,1,9
540,671.8,305.0,True,True,False,False,1,14
541,629.1,216.0,False,True,False,False,2,12
542,679.0,250.0,False,True,True,False,2,22
543,620.9,251.0,False,True,True,False,1,16
544,545.0,211.0,False,False,False,True,4,10
545,620.9,253.0,False,True,False,False,3,24
546,633.7,241.0,False,True,False,False,2,13
547,556.1,256.0,False,False,False,True,6,21
548,627.0,254.0,False,True,True,False,1,25
549,602.1,229.0,True,True,True,False,3,11
550,672.1,277.0,False,True,True,False,1,66
551,635.9,312.0,True,True,True,False,3,37
552,651.7,320.0,True,True,True,False,2,27
553,634.4,320.0,True,True,True,False,3,26
554,677.5,293.0,False,True,True,False,2,12
555,634.3,289.0,True,True,False,False,1,10
556,651.8,270.0,False,True,True,False,3,20
557,675.5,294.0,False,True,True,False,3,54
558,618.1,262.0,False,True,True,False,2,13
559,662.2,259.0,False,True,True,False,1,41
560,553.9,203.0,True,True,False,False,1,7
561,577.3,244.0,True,True,False,False,3,17
562,557.0,210.0,True,True,False,False,2,11
563,570.2,276.0,True,True,False,False,2,10
564,574.4,254.0,True,True,False,False,2,13
565,574.5,227.0,True,True,False,False,3,11
566,601.0,301.0,True,True,False,False,3,16
567,602.0,251.0,False,True,False,False,3,20
568,555.3,198.0,True,True,False,False,2,10
569,589.5,232.0,False,True,False,False,4,18
570,581.8,244.0,True,True,False,False,3,21
571,584.5,235.0,True,True,False,False,3,15
572,624.4,247.0,True,True,False,False,2,21
573,641.4,267.0,True,True,False,False,1,10
574,605.4,286.0,False,True,False,False,2,25
575,654.8,260.0,True,True,False,False,1,11
576,690.2,353.0,True,True,False,False,2,18
577,676.0,243.0,False,False,True,True,4,50
578,749.7,351.0,False,False,True,True,4,28
579,622.4,291.0,True,True,True,False,3,25
580,642.9,267.0,True,True,False,False,2,15
581,697.5,186.0,False,False,True,True,3,8
582,811.3,195.0,False,False,True,True,3,7
583,869.6,278.0,True,False,True,True,5,19
584,801.1,191.0,False,False,False,True,3,7
585,821.8,236.0,False,False,True,True,4,9
586,964.6,384.0,False,False,True,True,4,15
587,852.5,266.0,True,False,True,True,4,5
588,1072.8,394.0,False,False,True,True,5,31
589,943.4,344.0,False,False,True,True,5,19
590,824.0,245.0,True,False,True,True,5,13
591,983.5,422.0,False,False,True,True,5,21
592,850.1,325.0,False,False,True,True,5,10
593,742.4,249.0,False,True,True,False,1,32
594,748.8,232.0,False,True,False,False,1,11
595,802.0,354.0,False,True,False,False,2,25
596,759.3,281.0,False,True,False,False,2,13
597,777.8,261.0,False,True,False,False,2,11
598,931.3,305.0,False,True,False,False,1,22
599,760.3,249.0,False,True,False,False,1,13
600,783.4,272.0,False,True,False,False,1,18
601,815.2,304.0,True,True,False,False,1,10
602,767.2,292.0,False,True,False,False,1,18
603,761.4,278.0,False,True,True,False,2,31
604,752.6,282.0,False,True,True,False,1,44
605,804.3,318.0,False,False,True,True,4,21
606,778.7,392.0,False,False,True,True,4,105
607,768.2,240.0,False,True,False,False,2,9
608,899.3,283.0,False,True,False,False,1,23
609,922.7,308.0,False,True,True,False,2,17
610,836.8,259.0,False,False,True,True,4,8
611,845.7,387.0,False,False,True,True,5,16
612,812.7,259.0,False,True,True,False,2,15
613,795.6,245.0,False,True,True,False,1,19
614,32.7,53.0,True,False,False,False,1,9
615,964.6,368.0,False,True,False,False,1,29
616,997.0,382.0,False,True,True,False,1,20
617,928.2,318.0,False,True,False,False,1,20
618,953.9,354.0,False,True,False,False,2,22
619,912.1,281.0,False,True,False,False,2,15
620,939.5,369.0,False,True,True,False,2,88
621,912.5,362.0,False,True,False,False,2,25
622,1155.1,292.0,False,True,True,True,5,14
623,960.4,201.0,False,False,True,True,3,6
624,991.6,266.0,False,False,True,True,4,28
625,1032.8,356.0,False,False,True,True,4,64
626,998.9,281.0,False,False,True,True,4,7
627,993.5,333.0,False,True,False,False,2,12
628,764.7,205.0,False,False,True,True,4,7
629,20.2,42.0,False,False,False,False,1,14
630,1032.2,349.0,False,False,True,True,4,8
631,1019.6,339.0,False,True,False,False,2,17
632,1003.9,317.0,False,False,True,True,4,32
633,984.5,294.0,False,True,False,False,1,10
634,967.7,256.0,False,False,True,True,4,14
635,739.2,225.0,False,False,True,True,4,11
636,731.0,177.0,False,False,True,True,3,10
637,749.6,239.0,False,False,True,True,4,17
638,763.4,269.0,False,False,True,True,4,23
639,758.6,263.0,False,False,True,True,4,58
640,839.5,347.0,True,False,True,True,5,17
642,812.1,362.0,True,False,True,True,5,13
643,746.9,203.0,False,False,True,True,3,10
644,765.5,253.0,False,False,True,True,3,10
645,758.6,240.0,False,False,True,True,3,8
646,763.4,268.0,False,False,True,True,3,9
647,792.7,278.0,True,False,True,True,4,12
648,765.6,297.0,False,False,True,True,4,27
649,790.9,290.0,True,False,True,True,5,26
650,783.1,301.0,False,False,True,True,4,16
651,887.3,198.0,False,False,True,True,3,6
652,854.8,371.0,False,True,True,False,2,18
653,982.9,298.0,True,False,True,True,4,9
654,948.8,269.0,True,False,True,True,4,6
655,840.8,328.0,True,False,True,True,4,15
656,850.7,320.0,True,False,True,True,4,16
657,935.4,247.0,True,False,True,True,5,9
658,896.5,206.0,True,False,True,True,4,2
659,804.7,293.0,False,False,True,True,3,11
661,904.1,262.0,False,False,True,True,4,40
662,861.9,222.0,False,False,True,True,4,16
663,942.6,414.0,False,False,True,True,6,89
664,903.6,326.0,False,False,True,True,4,34
665,867.9,325.0,False,False,True,True,5,50
666,922.0,365.0,False,False,True,True,5,64
667,907.7,269.0,True,False,True,True,4,18
668,1006.0,390.0,True,False,True,True,5,31
669,1014.2,395.0,True,False,True,True,5,80
670,981.4,342.0,True,False,True,True,4,24
671,882.5,303.0,False,False,True,True,4,23
672,891.8,293.0,False,False,True,True,5,51
673,1137.9,292.0,False,True,False,True,5,15
674,1068.5,240.0,False,False,False,True,3,11
675,1175.9,329.0,False,False,True,True,4,27
676,1105.2,289.0,False,False,False,True,4,21
677,1113.1,331.0,False,False,False,True,4,20
678,1099.9,305.0,False,False,False,True,4,21
679,1143.9,374.0,False,True,False,False,2,24
680,1128.3,351.0,False,False,True,True,5,27
682,1119.1,302.0,False,True,False,True,4,7
683,1132.8,332.0,False,False,True,True,5,37
684,1162.6,362.0,True,True,False,True,5,8
685,1178.8,334.0,True,True,False,True,5,9
686,1155.1,330.0,True,True,False,True,6,21
687,1095.9,292.0,False,False,False,True,5,22
688,1086.1,269.0,False,False,False,True,4,17
689,1074.4,270.0,False,False,True,True,5,17
690,1081.1,291.0,False,False,False,True,5,14
691,1094.4,292.0,False,False,False,True,4,16
692,1082.2,272.0,False,False,False,True,5,15
693,1083.3,262.0,False,False,False,True,4,13
694,1090.8,286.0,False,False,True,True,5,21
695,1151.4,349.0,False,False,True,True,4,23
696,1100.8,361.0,False,False,True,True,4,61
697,1114.0,372.0,False,False,True,True,6,51
698,1106.5,269.0,False,False,True,True,3,12
699,1124.0,332.0,True,False,False,True,5,12
700,1088.1,270.0,False,False,False,True,3,25
701,1077.5,264.0,True,False,True,True,5,19
702,1116.9,312.0,False,False,True,True,4,17
703,1116.4,319.0,False,False,False,True,4,36
704,1094.6,272.0,False,True,False,True,4,4
705,1140.8,326.0,True,False,False,True,5,13
706,1140.1,386.0,False,False,False,True,5,41
707,1146.6,317.0,True,False,False,True,4,13
708,115.1,127.0,False,False,True,False,0,5
709,1130.2,304.0,True,False,False,True,5,10
710,1157.6,359.0,True,False,True,True,5,31
711,1109.3,297.0,True,False,False,True,5,9
712,1204.7,271.0,False,False,True,True,4,6
713,1228.2,284.0,False,False,True,True,4,4
714,1230.0,389.0,False,False,True,True,5,82
715,1189.4,237.0,False,False,True,True,3,4
716,1170.5,223.0,False,False,True,True,3,20
718,1257.7,364.0,False,False,True,True,4,58
719,1256.8,393.0,False,False,True,True,4,10
720,1294.2,339.0,False,False,False,True,3,3
721,1333.4,357.0,False,False,True,True,5,19
722,1240.6,388.0,False,False,True,True,4,13
723,1197.5,311.0,False,False,True,True,4,14
724,1230.0,389.0,False,False,True,True,5,82
725,1130.5,306.0,False,False,True,True,4,30
726,1167.6,291.0,False,False,True,True,3,9
728,1143.0,347.0,True,False,False,True,5,18
729,1215.2,360.0,False,False,True,True,4,47
730,1156.6,323.0,False,False,True,True,5,30
731,1149.5,364.0,False,False,True,True,4,66
732,1132.0,313.0,False,False,True,True,4,33
733,1139.3,303.0,False,False,True,True,4,46
734,1183.7,373.0,False,False,True,True,4,38
735,1143.8,313.0,False,False,True,True,4,25
736,1143.6,314.0,False,False,True,True,3,10
737,1232.3,285.0,False,False,True,True,4,13
738,1124.4,293.0,False,False,True,True,5,16
739,1002.0,272.0,False,False,True,True,4,6
740,988.4,265.0,False,False,True,True,4,15
741,1184.8,320.0,True,True,False,True,5,10
742,1132.6,300.0,False,False,True,True,3,17
743,1067.7,371.0,False,False,True,True,4,23
744,1038.5,331.0,False,False,True,True,4,17
745,1047.3,329.0,False,False,True,True,4,18
746,1059.3,376.0,False,False,True,True,5,27
747,976.7,230.0,False,False,True,True,3,5
748,992.4,287.0,False,False,True,True,4,8
749,1015.0,322.0,True,False,True,True,6,24
750,1035.9,348.0,False,False,True,True,4,22
751,1010.8,244.0,False,False,True,True,3,2
752,961.1,249.0,False,False,True,True,3,27
753,1054.1,277.0,False,False,True,True,4,23
754,1182.4,316.0,True,False,True,True,4,8
755,1135.0,309.0,True,False,False,True,3,10
756,1090.8,303.0,False,False,True,True,3,59
757,1102.6,337.0,False,False,True,True,3,79
758,1113.1,271.0,True,False,False,True,3,8
759,1119.4,403.0,False,False,False,True,5,25
760,1074.4,294.0,True,False,True,True,4,50
761,1234.4,470.0,True,False,True,True,5,20
762,1168.5,261.0,False,False,True,True,4,10
763,1195.5,393.0,False,False,True,True,4,7
764,1238.7,341.0,False,False,True,True,3,9
765,1218.0,341.0,False,False,True,True,3,20
766,110.8,101.0,True,False,False,False,0,8
767,1222.9,335.0,False,False,True,True,3,23
768,1332.0,327.0,False,False,True,True,4,3
769,1185.0,322.0,False,False,True,True,3,81
770,1213.1,280.0,False,True,True,True,4,5
771,1192.1,367.0,False,False,True,True,4,7
772,1179.8,365.0,True,False,True,True,4,38
773,1140.1,222.0,False,False,True,True,3,11
774,1203.7,323.0,False,False,True,True,4,12
775,1209.5,382.0,False,False,True,True,4,53
776,1565.4,922.0,False,True,True,False,4,73
777,1493.8,322.0,False,False,True,True,3,63
778,1203.4,322.0,True,False,True,True,4,20
779,1179.9,282.0,False,False,True,True,3,15
780,1195.0,323.0,False,False,True,True,4,43
781,1718.1,313.0,False,False,True,True,3,7
782,1728.3,342.0,False,False,True,True,3,41
783,2207.2,338.0,False,False,True,True,3,6
784,1720.9,329.0,False,False,True,True,3,26
785,1783.1,389.0,False,False,True,True,3,21
786,1718.8,341.0,False,False,True,True,4,27
787,1736.4,329.0,False,False,True,True,3,14
788,1718.1,342.0,False,False,True,True,4,21
789,1741.2,404.0,False,False,True,True,4,71
790,2044.9,323.0,False,False,True,True,3,8
791,1728.4,382.0,False,False,True,True,4,47
