,調査年 コード,調査年,地域 コード,地域,/項目,A1101_総人口【人】,注釈,distance,travel_time,is_express,is_superexpress,is_bus,is_airplane
18,2015100000,2015年度,1219,北海道 紋別市,,"23,109",,1259.9,520.0,True,False,True,True
20,2015100000,2015年度,1221,北海道 名寄市,,"29,048",,1176.6,473.0,True,False,False,True
761,2015100000,2015年度,45209,宮崎県 えびの市,,"19,538",,1234.4,470.0,True,False,True,True
11,2015100000,2015年度,1212,北海道 留萌市,,"22,221",,1179.0,433.0,True,False,True,True
19,2015100000,2015年度,1220,北海道 士別市,,"19,914",,1153.5,431.0,True,False,False,True
591,2015100000,2015年度,32207,島根県 江津市,,"24,468",,983.5,422.0,False,False,True,True
663,2015100000,2015年度,39202,高知県 室戸市,,"13,524",,942.6,414.0,False,False,True,True
785,2015100000,2015年度,47209,沖縄県 名護市,,"61,674",,1783.1,413.0,False,False,True,True
28,2015100000,2015年度,1229,北海道 富良野市,,"22,936",,1099.8,408.0,True,False,False,True
325,2015100000,2015年度,17204,石川県 輪島市,,"27,216",,570.5,404.0,True,True,True,False
789,2015100000,2015年度,47213,沖縄県 うるま市,,"118,898",,1741.2,404.0,False,False,True,True
759,2015100000,2015年度,45207,宮崎県 串間市,,"18,779",,1119.4,403.0,False,False,False,True
15,2015100000,2015年度,1216,北海道 芦別市,,"14,676",,1073.4,397.0,True,False,False,True
666,2015100000,2015年度,39205,高知県 土佐市,,"27,038",,886.9,397.0,False,False,True,True
714,2015100000,2015年度,42203,長崎県 島原市,,"45,436",,1230.1,397.0,False,False,True,True
724,2015100000,2015年度,42214,長崎県 南島原市,,"46,535",,1230.1,397.0,False,False,True,True
669,2015100000,2015年度,39209,高知県 土佐清水市,,"13,778",,1014.2,395.0,True,False,True,True
588,2015100000,2015年度,32204,島根県 益田市,,"47,718",,1072.8,394.0,False,False,True,True
719,2015100000,2015年度,42209,長崎県 対馬市,,"31,457",,1256.8,393.0,False,False,True,True
763,2015100000,2015年度,46203,鹿児島県 鹿屋市,,"103,608",,1195.5,393.0,False,False,True,True
606,2015100000,2015年度,33215,岡山県 美作市,,"27,977",,778.7,392.0,False,False,True,True
668,2015100000,2015年度,39208,高知県 宿毛市,,"20,907",,1006.0,390.0,True,False,True,True
326,2015100000,2015年度,17205,石川県 珠洲市,,"14,625",,589.9,388.0,True,True,True,False
722,2015100000,2015年度,42212,長崎県 西海市,,"28,691",,1240.6,388.0,False,False,True,True
611,2015100000,2015年度,34204,広島県 三原市,,"96,194",,845.7,387.0,False,False,True,True
706,2015100000,2015年度,41205,佐賀県 伊万里市,,"55,238",,1140.1,386.0,False,False,False,True
586,2015100000,2015年度,32202,島根県 浜田市,,"58,105",,964.6,384.0,False,False,True,True
26,2015100000,2015年度,1227,北海道 歌志内市,,"3,585",,1048.4,382.0,True,False,True,True
616,2015100000,2015年度,34210,広島県 庄原市,,"37,000",,997.0,382.0,False,True,True,False
775,2015100000,2015年度,46220,鹿児島県 南さつま市,,"35,439",,1209.5,382.0,False,False,True,True
791,2015100000,2015年度,47215,沖縄県 南城市,,"42,016",,1728.4,382.0,False,False,True,True
22,2015100000,2015年度,1223,北海道 根室市,,"26,917",,1227.5,376.0,False,False,True,True
746,2015100000,2015年度,44208,大分県 竹田市,,"22,332",,1059.3,376.0,False,False,True,True
713,2015100000,2015年度,42202,長崎県 佐世保市,,"255,439",,1199.6,375.0,False,False,True,True
679,2015100000,2015年度,40206,福岡県 田川市,,"48,441",,1143.9,374.0,False,True,False,False
21,2015100000,2015年度,1222,北海道 三笠市,,"9,076",,1014.4,373.0,False,False,True,True
734,2015100000,2015年度,43212,熊本県 上天草市,,"27,006",,1183.7,373.0,False,False,True,True
46,2015100000,2015年度,3202,岩手県 宮古市,,"56,676",,650.8,372.0,False,True,True,False
652,2015100000,2015年度,38202,愛媛県 今治市,,"158,114",,854.8,371.0,False,True,True,False
743,2015100000,2015年度,44205,大分県 佐伯市,,"72,211",,1067.7,371.0,False,False,True,True
308,2015100000,2015年度,15224,新潟県 佐渡市,,"57,255",,412.8,369.0,False,True,True,False
620,2015100000,2015年度,34214,広島県 安芸高田市,,"29,488",,939.5,369.0,False,True,True,False
43,2015100000,2015年度,2209,青森県 つがる市,,"33,316",,773.8,368.0,False,True,True,False
615,2015100000,2015年度,34209,広島県 三次市,,"53,615",,964.6,368.0,False,True,False,False
771,2015100000,2015年度,46216,鹿児島県 日置市,,"49,249",,1192.1,367.0,False,False,True,True
3,2015100000,2015年度,1204,北海道 旭川市,,"339,605",,1098.5,364.0,True,False,False,True
74,2015100000,2015年度,5202,秋田県 能代市,,"54,730",,728.8,364.0,False,True,True,False
731,2015100000,2015年度,43208,熊本県 山鹿市,,"52,264",,1149.5,364.0,False,False,True,True
718,2015100000,2015年度,42208,長崎県 松浦市,,"23,309",,1257.7,363.0,False,False,True,True
17,2015100000,2015年度,1218,北海道 赤平市,,"11,105",,1059.0,362.0,True,False,False,True
621,2015100000,2015年度,34215,広島県 江田島市,,"24,339",,912.5,362.0,False,True,False,False
642,2015100000,2015年度,36208,徳島県 三好市,,"26,836",,812.1,362.0,True,False,True,True
684,2015100000,2015年度,40213,福岡県 行橋市,,"70,586",,1162.6,362.0,True,True,False,True
696,2015100000,2015年度,40226,福岡県 宮若市,,"28,112",,1100.8,361.0,False,False,True,True
729,2015100000,2015年度,43205,熊本県 水俣市,,"25,411",,1215.2,360.0,False,False,True,True
710,2015100000,2015年度,41209,佐賀県 嬉野市,,"27,336",,1157.6,359.0,True,False,True,True
625,2015100000,2015年度,35204,山口県 萩市,,"49,560",,1032.8,356.0,False,False,True,True
742,2015100000,2015年度,44204,大分県 日田市,,"66,523",,1138.6,355.0,False,False,True,True
595,2015100000,2015年度,33203,岡山県 津山市,,"103,746",,802.0,354.0,False,True,False,False
618,2015100000,2015年度,34212,広島県 東広島市,,"192,907",,953.9,354.0,False,True,False,False
576,2015100000,2015年度,30205,和歌山県 御坊市,,"24,801",,690.2,353.0,True,True,False,False
578,2015100000,2015年度,30207,和歌山県 新宮市,,"29,331",,749.7,351.0,False,False,True,True
764,2015100000,2015年度,46204,鹿児島県 枕崎市,,"22,046",,1239.5,351.0,False,False,True,True
630,2015100000,2015年度,35211,山口県 長門市,,"35,439",,1032.2,349.0,False,False,True,True
695,2015100000,2015年度,40225,福岡県 うきは市,,"29,509",,1151.4,349.0,False,False,True,True
750,2015100000,2015年度,44212,大分県 豊後大野市,,"36,584",,1035.9,348.0,False,False,True,True
5,2015100000,2015年度,1206,北海道 釧路市,,"174,742",,1093.1,347.0,False,False,True,True
640,2015100000,2015年度,36206,徳島県 阿波市,,"37,202",,839.5,347.0,True,False,True,True
728,2015100000,2015年度,43204,熊本県 荒尾市,,"53,407",,1143.0,347.0,True,False,False,True
27,2015100000,2015年度,1228,北海道 深川市,,"21,909",,1123.2,345.0,False,False,True,True
697,2015100000,2015年度,40227,福岡県 嘉麻市,,"38,743",,1107.0,345.0,False,False,True,True
336,2015100000,2015年度,18205,福井県 大野市,,"33,109",,581.7,344.0,True,True,False,False
589,2015100000,2015年度,32205,島根県 大田市,,"35,166",,943.4,344.0,False,False,True,True
670,2015100000,2015年度,39210,高知県 四万十市,,"34,313",,981.4,342.0,True,False,True,True
782,2015100000,2015年度,47205,沖縄県 宜野湾市,,"96,243",,1728.3,342.0,False,False,True,True
788,2015100000,2015年度,47212,沖縄県 豊見城市,,"61,119",,1718.1,342.0,False,False,True,True
786,2015100000,2015年度,47210,沖縄県 糸満市,,"58,547",,1718.8,341.0,False,False,True,True
34,2015100000,2015年度,1236,北海道 北斗市,,"46,390",,868.9,340.0,False,True,False,False
765,2015100000,2015年度,46206,鹿児島県 阿久根市,,"21,198",,1217.8,340.0,False,False,True,True
631,2015100000,2015年度,35212,山口県 柳井市,,"32,945",,1019.6,339.0,False,True,False,False
720,2015100000,2015年度,42210,長崎県 壱岐市,,"27,103",,1294.2,339.0,False,False,False,True
772,2015100000,2015年度,46217,鹿児島県 曽於市,,"36,557",,1180.8,338.0,False,False,True,True
783,2015100000,2015年度,47207,沖縄県 石垣市,,"47,564",,2207.2,338.0,False,False,True,True
75,2015100000,2015年度,5203,秋田県 横手市,,"92,197",,643.6,337.0,False,True,True,False
757,2015100000,2015年度,45205,宮崎県 小林市,,"46,221",,1102.6,337.0,False,False,True,True
47,2015100000,2015年度,3203,岩手県 大船渡市,,"38,058",,552.6,334.0,False,True,False,False
685,2015100000,2015年度,40214,福岡県 豊前市,,"25,940",,1178.8,334.0,True,True,False,True
627,2015100000,2015年度,35207,山口県 下松市,,"55,812",,993.5,333.0,False,True,False,False
683,2015100000,2015年度,40212,福岡県 大川市,,"34,838",,1132.8,332.0,False,False,True,True
699,2015100000,2015年度,40229,福岡県 みやま市,,"38,139",,1124.0,332.0,True,False,False,True
744,2015100000,2015年度,44206,大分県 臼杵市,,"38,748",,1038.5,331.0,False,False,True,True
24,2015100000,2015年度,1225,北海道 滝川市,,"41,192",,1045.1,330.0,True,False,True,True
530,2015100000,2015年度,27232,大阪府 阪南市,,"54,276",,619.3,330.0,True,True,True,False
686,2015100000,2015年度,40215,福岡県 中間市,,"41,796",,1155.1,330.0,True,True,False,True
675,2015100000,2015年度,40202,福岡県 大牟田市,,"117,360",,1175.9,329.0,False,False,True,True
745,2015100000,2015年度,44207,大分県 津久見市,,"17,969",,1047.3,329.0,False,False,True,True
784,2015100000,2015年度,47208,沖縄県 浦添市,,"114,232",,1720.9,329.0,False,False,True,True
787,2015100000,2015年度,47211,沖縄県 沖縄市,,"139,279",,1736.4,329.0,False,False,True,True
655,2015100000,2015年度,38205,愛媛県 新居浜市,,"119,903",,840.8,328.0,True,False,True,True
680,2015100000,2015年度,40207,福岡県 柳川市,,"67,777",,1129.6,328.0,False,False,False,True
768,2015100000,2015年度,46213,鹿児島県 西之表市,,"15,967",,1332.0,327.0,False,False,True,True
495,2015100000,2015年度,26212,京都府 京丹後市,,"55,054",,713.6,326.0,False,True,True,False
705,2015100000,2015年度,41204,佐賀県 多久市,,"19,749",,1140.8,326.0,True,False,False,True
721,2015100000,2015年度,42211,長崎県 五島市,,"37,327",,1327.3,326.0,False,False,True,True
592,2015100000,2015年度,32209,島根県 雲南市,,"39,032",,850.1,325.0,False,False,True,True
665,2015100000,2015年度,39204,高知県 南国市,,"47,982",,867.9,325.0,False,False,True,True
677,2015100000,2015年度,40204,福岡県 直方市,,"57,146",,1112.6,325.0,False,False,False,True
730,2015100000,2015年度,43206,熊本県 玉名市,,"66,782",,1156.6,323.0,False,False,True,True
774,2015100000,2015年度,46219,鹿児島県 いちき串木野市,,"29,282",,1203.7,323.0,False,False,True,True
780,2015100000,2015年度,46225,鹿児島県 姶良市,,"75,173",,1195.0,323.0,False,False,True,True
790,2015100000,2015年度,47214,沖縄県 宮古島市,,"51,186",,2044.9,323.0,False,False,True,True
54,2015100000,2015年度,3211,岩手県 釜石市,,"36,802",,654.6,322.0,False,True,False,False
749,2015100000,2015年度,44211,大分県 宇佐市,,"56,258",,1015.0,322.0,True,False,True,True
769,2015100000,2015年度,46214,鹿児島県 垂水市,,"15,520",,1185.0,322.0,False,False,True,True
777,2015100000,2015年度,46222,鹿児島県 奄美市,,"43,156",,1493.8,322.0,False,False,True,True
778,2015100000,2015年度,46223,鹿児島県 南九州市,,"36,352",,1203.4,322.0,True,False,True,True
552,2015100000,2015年度,28222,兵庫県 養父市,,"24,288",,651.7,320.0,True,True,True,False
553,2015100000,2015年度,28223,兵庫県 丹波市,,"64,660",,634.4,320.0,True,True,True,False
656,2015100000,2015年度,38206,愛媛県 西条市,,"108,174",,850.7,320.0,True,False,True,True
741,2015100000,2015年度,44203,大分県 中津市,,"83,965",,1184.8,320.0,True,True,False,True
703,2015100000,2015年度,41202,佐賀県 唐津市,,"122,785",,1116.4,319.0,False,False,False,True
605,2015100000,2015年度,33214,岡山県 真庭市,,"46,124",,804.3,318.0,False,False,True,True
617,2015100000,2015年度,34211,広島県 大竹市,,"27,865",,928.2,318.0,False,True,False,False
664,2015100000,2015年度,39203,高知県 安芸市,,"17,577",,901.8,318.0,False,False,True,True
77,2015100000,2015年度,5206,秋田県 男鹿市,,"28,375",,700.6,317.0,False,True,False,False
597,2015100000,2015年度,33205,岡山県 笠岡市,,"50,568",,816.2,317.0,False,True,True,False
632,2015100000,2015年度,35213,山口県 美祢市,,"26,159",,1003.9,317.0,False,False,True,True
707,2015100000,2015年度,41206,佐賀県 武雄市,,"49,062",,1146.6,317.0,True,False,False,True
14,2015100000,2015年度,1215,北海道 美唄市,,"23,035",,1019.4,316.0,True,False,False,True
25,2015100000,2015年度,1226,北海道 砂川市,,"17,694",,1036.9,316.0,True,False,False,True
754,2015100000,2015年度,45202,宮崎県 都城市,,"165,029",,1180.2,315.0,True,False,True,True
50,2015100000,2015年度,3207,岩手県 久慈市,,"35,642",,705.3,314.0,False,True,False,False
390,2015100000,2015年度,21217,岐阜県 飛騨市,,"24,696",,472.3,314.0,True,True,False,False
736,2015100000,2015年度,43214,熊本県 阿蘇市,,"27,018",,1143.6,314.0,False,False,True,True
463,2015100000,2015年度,24209,三重県 尾鷲市,,"18,009",,544.0,313.0,True,True,False,False
732,2015100000,2015年度,43210,熊本県 菊池市,,"48,167",,1132.0,313.0,False,False,True,True
735,2015100000,2015年度,43213,熊本県 宇城市,,"59,756",,1143.8,313.0,False,False,True,True
767,2015100000,2015年度,46210,鹿児島県 指宿市,,"41,831",,1221.2,313.0,False,False,True,True
781,2015100000,2015年度,47201,沖縄県 那覇市,,"319,435",,1718.1,313.0,False,False,True,True
551,2015100000,2015年度,28221,兵庫県 丹波篠山市,,"41,490",,635.9,312.0,True,True,True,False
702,2015100000,2015年度,41201,佐賀県 佐賀市,,"236,372",,1116.9,312.0,False,False,True,True
33,2015100000,2015年度,1235,北海道 石狩市,,"57,436",,977.0,311.0,False,False,True,True
723,2015100000,2015年度,42213,長崎県 雲仙市,,"44,115",,1197.5,311.0,False,False,True,True
8,2015100000,2015年度,1209,北海道 夕張市,,"8,843",,982.3,310.0,True,False,True,True
51,2015100000,2015年度,3208,岩手県 遠野市,,"28,062",,629.8,310.0,False,True,False,False
80,2015100000,2015年度,5210,秋田県 由利本荘市,,"79,927",,705.9,309.0,False,True,False,False
755,2015100000,2015年度,45203,宮崎県 延岡市,,"125,159",,1135.0,309.0,True,False,False,True
62,2015100000,2015年度,4205,宮城県 気仙沼市,,"64,988",,512.7,306.0,False,True,False,False
42,2015100000,2015年度,2208,青森県 むつ市,,"58,493",,749.2,305.0,False,True,True,False
540,2015100000,2015年度,28209,兵庫県 豊岡市,,"82,250",,671.8,305.0,True,True,False,False
598,2015100000,2015年度,33207,岡山県 井原市,,"41,390",,931.3,305.0,False,True,False,False
678,2015100000,2015年度,40205,福岡県 飯塚市,,"129,146",,1099.9,305.0,False,False,False,True
601,2015100000,2015年度,33210,岡山県 新見市,,"30,658",,815.2,304.0,True,True,False,False
609,2015100000,2015年度,34202,広島県 呉市,,"228,552",,921.5,304.0,False,True,False,False
709,2015100000,2015年度,41208,佐賀県 小城市,,"44,259",,1130.2,304.0,True,False,False,True
38,2015100000,2015年度,2204,青森県 黒石市,,"34,284",,765.4,303.0,False,True,False,False
671,2015100000,2015年度,39211,高知県 香南市,,"32,961",,882.5,303.0,False,False,True,True
733,2015100000,2015年度,43211,熊本県 宇土市,,"37,026",,1139.3,303.0,False,False,True,True
756,2015100000,2015年度,45204,宮崎県 日南市,,"54,090",,1090.8,303.0,False,False,True,True
337,2015100000,2015年度,18206,福井県 勝山市,,"24,125",,574.8,302.0,True,True,False,False
682,2015100000,2015年度,40211,福岡県 筑後市,,"48,339",,1119.1,302.0,False,True,False,True
566,2015100000,2015年度,29207,奈良県 五條市,,"30,997",,601.0,301.0,True,True,False,False
650,2015100000,2015年度,37208,香川県 三豊市,,"65,524",,783.1,301.0,False,False,True,True
7,2015100000,2015年度,1208,北海道 北見市,,"121,226",,1209.7,299.0,False,False,True,True
653,2015100000,2015年度,38203,愛媛県 宇和島市,,"77,465",,982.9,298.0,True,False,True,True
348,2015100000,2015年度,19208,山梨県 南アルプス市,,"70,828",,156.5,297.0,True,False,True,False
648,2015100000,2015年度,37206,香川県 さぬき市,,"50,272",,765.6,297.0,False,False,True,True
711,2015100000,2015年度,41210,佐賀県 神埼市,,"31,842",,1109.3,297.0,True,False,False,True
9,2015100000,2015年度,1210,北海道 岩見沢市,,"84,499",,990.6,295.0,False,False,False,True
536,2015100000,2015年度,28205,兵庫県 洲本市,,"44,258",,664.6,295.0,False,True,True,False
557,2015100000,2015年度,28227,兵庫県 宍粟市,,"37,773",,675.5,294.0,False,True,True,False
633,2015100000,2015年度,35215,山口県 周南市,,"144,842",,984.5,294.0,False,True,False,False
760,2015100000,2015年度,45208,宮崎県 西都市,,"30,683",,1074.4,294.0,True,False,True,True
554,2015100000,2015年度,28224,兵庫県 南あわじ市,,"46,912",,677.5,293.0,False,True,True,False
659,2015100000,2015年度,38213,愛媛県 四国中央市,,"87,413",,804.7,293.0,False,False,True,True
672,2015100000,2015年度,39212,高知県 香美市,,"27,513",,891.8,293.0,False,False,True,True
738,2015100000,2015年度,43216,熊本県 合志市,,"58,370",,1124.4,293.0,False,False,True,True
88,2015100000,2015年度,6203,山形県 鶴岡市,,"129,652",,489.9,292.0,True,True,True,False
97,2015100000,2015年度,6212,山形県 尾花沢市,,"16,953",,407.7,292.0,False,True,True,False
466,2015100000,2015年度,24212,三重県 熊野市,,"17,322",,574.5,292.0,True,True,False,False
602,2015100000,2015年度,33211,岡山県 備前市,,"35,179",,767.2,292.0,False,True,False,False
622,2015100000,2015年度,35201,山口県 下関市,,"268,517",,1155.1,292.0,False,True,True,True
673,2015100000,2015年度,40100,福岡県 北九州市,,"961,286",,1137.9,292.0,False,True,False,True
687,2015100000,2015年度,40216,福岡県 小郡市,,"57,983",,1095.9,292.0,False,False,False,True
691,2015100000,2015年度,40220,福岡県 宗像市,,"96,516",,1094.4,292.0,False,False,False,True
579,2015100000,2015年度,30208,和歌山県 紀の川市,,"62,616",,622.4,291.0,True,True,True,False
690,2015100000,2015年度,40219,福岡県 大野城市,,"99,525",,1081.1,291.0,False,False,False,True
726,2015100000,2015年度,43202,熊本県 八代市,,"127,472",,1167.6,291.0,False,False,True,True
2,2015100000,2015年度,1203,北海道 小樽市,,"121,924",,995.2,290.0,False,False,False,True
81,2015100000,2015年度,5211,秋田県 潟上市,,"33,083",,678.0,290.0,False,True,True,False
649,2015100000,2015年度,37207,香川県 東かがわ市,,"31,031",,790.9,290.0,True,False,True,True
555,2015100000,2015年度,28225,兵庫県 朝来市,,"30,805",,634.3,289.0,True,True,False,False
676,2015100000,2015年度,40203,福岡県 久留米市,,"304,552",,1105.2,289.0,False,False,False,True
41,2015100000,2015年度,2207,青森県 三沢市,,"40,196",,659.0,288.0,False,True,True,False
78,2015100000,2015年度,5207,秋田県 湯沢市,,"46,613",,647.4,288.0,False,True,False,False
748,2015100000,2015年度,44210,大分県 杵築市,,"30,185",,992.4,287.0,False,False,True,True
76,2015100000,2015年度,5204,秋田県 大館市,,"74,175",,659.5,286.0,False,True,True,False
574,2015100000,2015年度,30203,和歌山県 橋本市,,"63,621",,605.4,286.0,False,True,False,False
577,2015100000,2015年度,30206,和歌山県 田辺市,,"74,770",,673.7,286.0,False,False,True,True
694,2015100000,2015年度,40224,福岡県 福津市,,"58,781",,1090.8,286.0,False,False,True,True
725,2015100000,2015年度,43100,熊本県 熊本市,,"740,822",,1130.6,285.0,False,False,True,True
737,2015100000,2015年度,43215,熊本県 天草市,,"82,739",,1232.3,285.0,False,False,True,True
608,2015100000,2015年度,34100,広島県 広島市,,"1,194,034",,899.3,283.0,False,True,False,False
604,2015100000,2015年度,33213,岡山県 赤磐市,,"43,214",,752.6,282.0,False,True,True,False
779,2015100000,2015年度,46224,鹿児島県 伊佐市,,"26,810",,1179.9,282.0,False,False,True,True
4,2015100000,2015年度,1205,北海道 室蘭市,,"88,564",,1010.2,281.0,True,False,False,True
341,2015100000,2015年度,18210,福井県 坂井市,,"90,280",,561.3,281.0,True,True,True,False
596,2015100000,2015年度,33204,岡山県 玉野市,,"60,736",,759.3,281.0,False,True,False,False
619,2015100000,2015年度,34213,広島県 廿日市市,,"114,906",,912.1,281.0,False,True,False,False
359,2015100000,2015年度,20205,長野県 飯田市,,"101,581",,496.2,280.0,False,True,True,False
770,2015100000,2015年度,46215,鹿児島県 薩摩川内市,,"96,076",,1213.1,280.0,False,True,True,True
485,2015100000,2015年度,26202,京都府 舞鶴市,,"83,990",,617.5,279.0,True,True,False,False
16,2015100000,2015年度,1217,北海道 江別市,,"120,636",,971.1,278.0,False,False,False,True
512,2015100000,2015年度,27214,大阪府 富田林市,,"113,984",,594.5,278.0,False,True,True,False
583,2015100000,2015年度,31203,鳥取県 倉吉市,,"49,044",,869.6,278.0,True,False,True,True
603,2015100000,2015年度,33212,岡山県 瀬戸内市,,"36,975",,761.4,278.0,False,True,True,False
647,2015100000,2015年度,37205,香川県 観音寺市,,"59,409",,792.7,278.0,True,False,True,True
36,2015100000,2015年度,2202,青森県 弘前市,,"177,411",,750.7,277.0,False,True,True,False
488,2015100000,2015年度,26205,京都府 宮津市,,"18,426",,685.9,277.0,False,True,True,False
550,2015100000,2015年度,28220,兵庫県 加西市,,"44,313",,672.1,277.0,False,True,True,False
753,2015100000,2015年度,45201,宮崎県 宮崎市,,"401,138",,1054.5,277.0,True,False,False,True
29,2015100000,2015年度,1230,北海道 登別市,,"49,625",,993.7,276.0,True,False,False,True
563,2015100000,2015年度,29204,奈良県 天理市,,"67,398",,570.2,276.0,True,True,False,False
626,2015100000,2015年度,35206,山口県 防府市,,"115,942",,998.4,276.0,False,False,True,True
468,2015100000,2015年度,24215,三重県 志摩市,,"50,341",,505.1,274.0,True,True,False,False
44,2015100000,2015年度,2210,青森県 平川市,,"32,106",,755.4,273.0,False,True,False,False
484,2015100000,2015年度,26201,京都府 福知山市,,"78,935",,603.6,273.0,True,True,False,False
335,2015100000,2015年度,18204,福井県 小浜市,,"29,670",,606.5,272.0,False,True,True,False
364,2015100000,2015年度,20210,長野県 駒ヶ根市,,"32,759",,242.0,272.0,False,False,True,False
600,2015100000,2015年度,33209,岡山県 高梁市,,"32,075",,783.4,272.0,False,True,False,False
692,2015100000,2015年度,40221,福岡県 太宰府市,,"72,168",,1082.2,272.0,False,False,False,True
704,2015100000,2015年度,41203,佐賀県 鳥栖市,,"72,902",,1094.6,272.0,False,True,False,True
739,2015100000,2015年度,44201,大分県 大分市,,"478,146",,1002.0,272.0,False,False,True,True
712,2015100000,2015年度,42201,長崎県 長崎市,,"429,508",,1204.7,271.0,False,False,True,True
758,2015100000,2015年度,45206,宮崎県 日向市,,"61,761",,1113.1,271.0,True,False,False,True
376,2015100000,2015年度,21203,岐阜県 高山市,,"89,182",,482.5,270.0,True,True,False,False
556,2015100000,2015年度,28226,兵庫県 淡路市,,"43,977",,651.8,270.0,False,True,True,False
689,2015100000,2015年度,40218,福岡県 春日市,,"110,743",,1074.4,270.0,False,False,True,True
700,2015100000,2015年度,40230,福岡県 糸島市,,"96,475",,1088.1,270.0,False,False,False,True
638,2015100000,2015年度,36204,徳島県 阿南市,,"73,019",,763.4,269.0,False,False,True,True
654,2015100000,2015年度,38204,愛媛県 八幡浜市,,"34,951",,948.8,269.0,True,False,True,True
667,2015100000,2015年度,39206,高知県 須崎市,,"22,606",,907.7,269.0,True,False,True,True
688,2015100000,2015年度,40217,福岡県 筑紫野市,,"101,081",,1086.1,269.0,False,False,False,True
698,2015100000,2015年度,40228,福岡県 朝倉市,,"52,444",,1106.5,269.0,False,False,True,True
646,2015100000,2015年度,37204,香川県 善通寺市,,"32,927",,763.4,268.0,False,False,True,True
84,2015100000,2015年度,5214,秋田県 にかほ市,,"25,324",,574.6,267.0,False,False,True,True
573,2015100000,2015年度,30202,和歌山県 海南市,,"51,860",,641.4,267.0,True,True,False,False
580,2015100000,2015年度,30209,和歌山県 岩出市,,"53,452",,642.9,267.0,True,True,False,False
0,2015100000,2015年度,1100,北海道 札幌市,,"1,952,356",,963.4,266.0,False,False,True,True
526,2015100000,2015年度,27228,大阪府 泉南市,,"62,438",,613.6,266.0,True,True,False,False
587,2015100000,2015年度,32203,島根県 出雲市,,"171,938",,852.5,266.0,True,False,True,True
624,2015100000,2015年度,35203,山口県 山口市,,"197,422",,991.6,266.0,False,False,True,True
339,2015100000,2015年度,18208,福井県 あわら市,,"28,729",,568.7,265.0,True,True,True,False
740,2015100000,2015年度,44202,大分県 別府市,,"122,138",,988.4,265.0,False,False,True,True
701,2015100000,2015年度,40231,福岡県 那珂川市,,"50,004",,1077.5,264.0,True,False,True,True
102,2015100000,2015年度,7204,福島県 いわき市,,"350,237",,239.3,263.0,True,False,False,False
639,2015100000,2015年度,36205,徳島県 吉野川市,,"41,466",,758.6,263.0,False,False,True,True
514,2015100000,2015年度,27216,大阪府 河内長野市,,"106,987",,593.3,262.0,False,True,True,False
558,2015100000,2015年度,28228,兵庫県 加東市,,"40,310",,618.1,262.0,False,True,True,False
661,2015100000,2015年度,38215,愛媛県 東温市,,"34,613",,904.1,262.0,False,False,True,True
693,2015100000,2015年度,40223,福岡県 古賀市,,"57,959",,1083.3,262.0,False,False,False,True
105,2015100000,2015年度,7208,福島県 喜多方市,,"49,377",,314.1,261.0,False,True,True,False
762,2015100000,2015年度,46201,鹿児島県 鹿児島市,,"599,814",,1168.5,261.0,False,False,True,True
575,2015100000,2015年度,30204,和歌山県 有田市,,"28,470",,654.8,260.0,True,True,False,False
91,2015100000,2015年度,6206,山形県 寒河江市,,"41,256",,430.2,259.0,False,True,False,False
559,2015100000,2015年度,28229,兵庫県 たつの市,,"77,419",,662.2,259.0,False,True,True,False
610,2015100000,2015年度,34203,広島県 竹原市,,"26,426",,836.8,259.0,False,False,True,True
612,2015100000,2015年度,34205,広島県 尾道市,,"138,626",,812.7,259.0,False,True,True,False
334,2015100000,2015年度,18202,福井県 敦賀市,,"66,165",,497.4,257.0,True,True,True,False
39,2015100000,2015年度,2205,青森県 五所川原市,,"55,181",,743.0,256.0,False,True,True,False
56,2015100000,2015年度,3214,岩手県 八幡平市,,"26,355",,565.5,256.0,False,True,True,False
547,2015100000,2015年度,28217,兵庫県 川西市,,"156,375",,556.1,256.0,False,False,False,True
634,2015100000,2015年度,35216,山口県 山陽小野田市,,"62,671",,967.7,256.0,False,False,True,True
12,2015100000,2015年度,1213,北海道 苫小牧市,,"172,737",,945.9,255.0,False,False,True,True
100,2015100000,2015年度,7202,福島県 会津若松市,,"124,062",,298.0,255.0,False,True,True,False
40,2015100000,2015年度,2206,青森県 十和田市,,"63,429",,669.5,254.0,False,True,True,False
53,2015100000,2015年度,3210,岩手県 陸前高田市,,"19,758",,512.9,254.0,False,True,True,False
548,2015100000,2015年度,28218,兵庫県 小野市,,"48,580",,627.0,254.0,False,True,True,False
564,2015100000,2015年度,29205,奈良県 橿原市,,"124,111",,574.4,254.0,True,True,False,False
320,2015100000,2015年度,16210,富山県 南砺市,,"51,327",,496.0,253.0,False,True,True,False
361,2015100000,2015年度,20207,長野県 須坂市,,"50,725",,244.4,253.0,False,True,False,False
469,2015100000,2015年度,24216,三重県 伊賀市,,"90,581",,491.2,253.0,True,True,False,False
545,2015100000,2015年度,28215,兵庫県 三木市,,"77,178",,620.9,253.0,False,True,False,False
644,2015100000,2015年度,37202,香川県 丸亀市,,"110,010",,765.5,253.0,False,False,True,True
497,2015100000,2015年度,26214,京都府 木津川市,,"72,840",,548.5,252.0,False,True,False,False
543,2015100000,2015年度,28213,兵庫県 西脇市,,"40,866",,620.9,251.0,False,True,True,False
567,2015100000,2015年度,29208,奈良県 御所市,,"26,868",,602.0,251.0,False,True,False,False
542,2015100000,2015年度,28212,兵庫県 赤穂市,,"48,567",,679.0,250.0,False,True,True,False
599,2015100000,2015年度,33208,岡山県 総社市,,"66,855",,760.3,249.0,False,True,False,False
752,2015100000,2015年度,44214,大分県 国東市,,"28,647",,961.1,249.0,False,False,True,True
363,2015100000,2015年度,20209,長野県 伊那市,,"68,271",,229.0,247.0,False,False,True,False
572,2015100000,2015年度,30201,和歌山県 和歌山市,,"364,154",,624.4,247.0,True,True,False,False
657,2015100000,2015年度,38207,愛媛県 大洲市,,"44,086",,935.4,247.0,True,False,True,True
35,2015100000,2015年度,2201,青森県 青森市,,"287,648",,724.1,246.0,False,True,True,False
323,2015100000,2015年度,17202,石川県 七尾市,,"55,325",,516.9,246.0,True,True,False,False
319,2015100000,2015年度,16209,富山県 小矢部市,,"30,399",,484.4,245.0,False,True,True,False
590,2015100000,2015年度,32206,島根県 安来市,,"39,528",,824.0,245.0,True,False,True,True
613,2015100000,2015年度,34207,広島県 福山市,,"464,811",,795.6,245.0,False,True,True,False
561,2015100000,2015年度,29202,奈良県 大和高田市,,"64,817",,577.3,244.0,True,True,False,False
570,2015100000,2015年度,29211,奈良県 葛城市,,"36,635",,581.8,244.0,True,True,False,False
751,2015100000,2015年度,44213,大分県 由布市,,"34,262",,1010.8,244.0,False,False,True,True
32,2015100000,2015年度,1234,北海道 北広島市,,"59,064",,940.3,242.0,False,False,False,True
546,2015100000,2015年度,28216,兵庫県 高砂市,,"91,030",,633.7,241.0,False,True,False,False
315,2015100000,2015年度,16205,富山県 氷見市,,"47,992",,425.9,240.0,False,True,True,False
607,2015100000,2015年度,33216,岡山県 浅口市,,"34,235",,768.2,240.0,False,True,False,False
674,2015100000,2015年度,40130,福岡県 福岡市,,"1,538,681",,1068.5,240.0,False,False,False,True
637,2015100000,2015年度,36203,徳島県 小松島市,,"38,755",,749.6,239.0,False,False,True,True
140,2015100000,2015年度,8233,茨城県 行方市,,"34,909",,161.4,238.0,True,False,False,False
527,2015100000,2015年度,27229,大阪府 四條畷市,,"56,075",,577.9,238.0,False,True,True,False
329,2015100000,2015年度,17209,石川県 かほく市,,"34,219",,477.1,237.0,False,True,False,False
500,2015100000,2015年度,27202,大阪府 岸和田市,,"194,911",,589.3,237.0,False,True,False,False
715,2015100000,2015年度,42204,長崎県 諫早市,,"138,078",,1189.4,237.0,False,False,True,True
23,2015100000,2015年度,1224,北海道 千歳市,,"95,648",,922.3,236.0,False,False,True,True
585,2015100000,2015年度,32201,島根県 松江市,,"206,230",,821.8,236.0,False,False,True,True
79,2015100000,2015年度,5209,秋田県 鹿角市,,"32,038",,625.8,235.0,False,True,True,False
571,2015100000,2015年度,29212,奈良県 宇陀市,,"31,105",,584.5,235.0,True,True,False,False
73,2015100000,2015年度,5201,秋田県 秋田市,,"315,814",,662.9,234.0,False,True,False,False
467,2015100000,2015年度,24214,三重県 いなべ市,,"45,815",,423.6,234.0,False,True,False,False
480,2015100000,2015年度,25212,滋賀県 高島市,,"50,025",,493.0,234.0,False,True,False,False
511,2015100000,2015年度,27213,大阪府 泉佐野市,,"100,966",,595.4,234.0,True,True,False,False
486,2015100000,2015年度,26203,京都府 綾部市,,"33,821",,590.4,233.0,True,True,False,False
517,2015100000,2015年度,27219,大阪府 和泉市,,"186,109",,585.1,233.0,False,True,False,False
6,2015100000,2015年度,1207,北海道 帯広市,,"169,327",,1047.7,232.0,False,False,True,True
520,2015100000,2015年度,27222,大阪府 羽曳野市,,"112,683",,583.1,232.0,False,True,False,False
569,2015100000,2015年度,29210,奈良県 香芝市,,"77,561",,589.5,232.0,False,True,False,False
594,2015100000,2015年度,33202,岡山県 倉敷市,,"477,118",,748.8,232.0,False,True,False,False
30,2015100000,2015年度,1231,北海道 恵庭市,,"69,702",,928.7,231.0,False,False,False,True
523,2015100000,2015年度,27225,大阪府 高石市,,"56,529",,580.9,231.0,False,True,False,False
747,2015100000,2015年度,44209,大分県 豊後高田市,,"22,853",,976.7,230.0,False,False,True,True
10,2015100000,2015年度,1211,北海道 網走市,,"39,077",,1201.6,229.0,False,False,True,True
55,2015100000,2015年度,3213,岩手県 二戸市,,"27,611",,606.2,229.0,False,True,False,False
302,2015100000,2015年度,15213,新潟県 燕市,,"79,784",,310.8,229.0,False,True,True,False
549,2015100000,2015年度,28219,兵庫県 三田市,,"112,691",,602.1,229.0,True,True,True,False
333,2015100000,2015年度,18201,福井県 福井市,,"265,904",,547.7,228.0,True,True,True,False
90,2015100000,2015年度,6205,山形県 新庄市,,"36,894",,422.5,227.0,False,True,False,False
327,2015100000,2015年度,17206,石川県 加賀市,,"67,186",,494.7,227.0,True,True,False,False
393,2015100000,2015年度,21220,岐阜県 下呂市,,"33,585",,485.9,227.0,True,True,False,False
565,2015100000,2015年度,29206,奈良県 桜井市,,"57,244",,574.5,227.0,True,True,False,False
519,2015100000,2015年度,27221,大阪府 柏原市,,"71,112",,580.0,226.0,False,True,False,False
645,2015100000,2015年度,37203,香川県 坂出市,,"53,164",,757.4,226.0,False,False,True,True
295,2015100000,2015年度,15205,新潟県 柏崎市,,"86,833",,305.7,225.0,False,True,False,False
307,2015100000,2015年度,15223,新潟県 阿賀野市,,"43,415",,377.0,225.0,False,True,False,False
328,2015100000,2015年度,17207,石川県 羽咋市,,"21,729",,492.2,225.0,True,True,False,False
340,2015100000,2015年度,18209,福井県 越前市,,"81,524",,528.9,225.0,True,True,True,False
394,2015100000,2015年度,21221,岐阜県 海津市,,"35,206",,408.5,225.0,False,True,False,False
635,2015100000,2015年度,36201,徳島県 徳島市,,"258,554",,739.2,225.0,False,False,True,True
305,2015100000,2015年度,15218,新潟県 五泉市,,"51,404",,328.1,224.0,False,True,False,False
462,2015100000,2015年度,24208,三重県 名張市,,"78,795",,487.8,224.0,True,True,False,False
465,2015100000,2015年度,24211,三重県 鳥羽市,,"19,448",,486.7,224.0,True,True,False,False
525,2015100000,2015年度,27227,大阪府 東大阪市,,"502,784",,573.7,224.0,False,True,False,False
539,2015100000,2015年度,28208,兵庫県 相生市,,"30,129",,666.6,224.0,False,True,False,False
392,2015100000,2015年度,21219,岐阜県 郡上市,,"42,090",,457.3,223.0,False,True,True,False
504,2015100000,2015年度,27206,大阪府 泉大津市,,"75,897",,581.5,223.0,False,True,True,False
716,2015100000,2015年度,42205,長崎県 大村市,,"92,757",,1170.5,223.0,False,False,True,True
662,2015100000,2015年度,39201,高知県 高知市,,"337,190",,861.9,222.0,False,False,True,True
773,2015100000,2015年度,46218,鹿児島県 霧島市,,"125,857",,1140.1,222.0,False,False,True,True
477,2015100000,2015年度,25209,滋賀県 甲賀市,,"90,901",,559.3,220.0,False,True,True,False
106,2015100000,2015年度,7209,福島県 相馬市,,"38,556",,337.3,219.0,False,True,True,False
109,2015100000,2015年度,7212,福島県 南相馬市,,"57,797",,337.3,219.0,False,True,True,False
431,2015100000,2015年度,23213,愛知県 西尾市,,"167,990",,413.7,219.0,True,True,False,False
529,2015100000,2015年度,27231,大阪府 大阪狭山市,,"57,792",,581.3,219.0,False,True,False,False
593,2015100000,2015年度,33100,岡山県 岡山市,,"719,474",,734.1,219.0,False,True,False,False
82,2015100000,2015年度,5212,秋田県 大仙市,,"82,783",,612.6,218.0,False,True,False,False
83,2015100000,2015年度,5213,秋田県 北秋田市,,"33,224",,664.0,218.0,False,False,True,True
478,2015100000,2015年度,25210,滋賀県 野洲市,,"49,889",,486.6,218.0,False,True,False,False
643,2015100000,2015年度,37201,香川県 高松市,,"420,748",,749.1,218.0,False,False,True,True
68,2015100000,2015年度,4212,宮城県 登米市,,"81,959",,447.4,217.0,False,True,True,False
481,2015100000,2015年度,25213,滋賀県 東近江市,,"114,180",,484.6,217.0,False,True,False,False
518,2015100000,2015年度,27220,大阪府 箕面市,,"133,411",,566.1,216.0,False,True,True,False
524,2015100000,2015年度,27226,大阪府 藤井寺市,,"65,438",,578.0,216.0,False,True,False,False
541,2015100000,2015年度,28210,兵庫県 加古川市,,"267,435",,629.1,216.0,False,True,False,False
316,2015100000,2015年度,16206,富山県 滑川市,,"32,755",,414.3,215.0,False,True,False,False
338,2015100000,2015年度,18207,福井県 鯖江市,,"68,284",,533.1,215.0,True,True,False,False
515,2015100000,2015年度,27217,大阪府 松原市,,"120,750",,574.6,215.0,False,True,False,False
532,2015100000,2015年度,28201,兵庫県 姫路市,,"535,664",,645.9,215.0,False,True,False,False
86,2015100000,2015年度,6201,山形県 山形市,,"253,832",,364.1,213.0,False,True,True,False
111,2015100000,2015年度,7214,福島県 本宮市,,"30,924",,248.4,213.0,False,True,False,False
425,2015100000,2015年度,23207,愛知県 豊川市,,"182,436",,311.0,213.0,True,True,False,False
318,2015100000,2015年度,16208,富山県 砺波市,,"49,000",,508.5,212.0,False,True,True,False
544,2015100000,2015年度,28214,兵庫県 宝塚市,,"224,903",,545.0,211.0,False,False,False,True
95,2015100000,2015年度,6210,山形県 天童市,,"62,194",,375.7,210.0,False,True,False,False
324,2015100000,2015年度,17203,石川県 小松市,,"106,919",,478.0,210.0,False,True,False,False
562,2015100000,2015年度,29203,奈良県 大和郡山市,,"87,050",,557.0,210.0,True,True,False,False
534,2015100000,2015年度,28203,兵庫県 明石市,,"293,409",,616.8,209.0,False,True,False,False
510,2015100000,2015年度,27212,大阪府 八尾市,,"268,800",,574.8,208.0,False,True,False,False
93,2015100000,2015年度,6208,山形県 村山市,,"24,684",,387.8,207.0,False,True,False,False
1,2015100000,2015年度,1202,北海道 函館市,,"265,979",,815.9,206.0,False,False,True,True
373,2015100000,2015年度,20220,長野県 安曇野市,,"95,282",,297.2,206.0,True,True,False,False
380,2015100000,2015年度,21207,岐阜県 美濃市,,"20,760",,441.3,206.0,True,True,False,False
459,2015100000,2015年度,24204,三重県 松阪市,,"163,863",,454.3,206.0,True,True,False,False
499,2015100000,2015年度,27140,大阪府 堺市,,"839,310",,572.4,206.0,False,True,False,False
506,2015100000,2015年度,27208,大阪府 貝塚市,,"88,694",,713.1,206.0,False,False,False,True
658,2015100000,2015年度,38210,愛媛県 伊予市,,"36,827",,896.5,206.0,True,False,True,True
377,2015100000,2015年度,21204,岐阜県 多治見市,,"110,441",,407.9,205.0,True,True,False,False
628,2015100000,2015年度,35208,山口県 岩国市,,"136,757",,764.7,205.0,False,False,True,True
354,2015100000,2015年度,19214,山梨県 中央市,,"31,124",,590.9,204.0,False,True,False,False
498,2015100000,2015年度,27100,大阪府 大阪市,,"2,691,185",,564.2,204.0,False,True,False,False
85,2015100000,2015年度,5215,秋田県 仙北市,,"27,523",,596.1,203.0,False,True,True,False
138,2015100000,2015年度,8231,茨城県 桜川市,,"42,632",,87.3,203.0,False,False,True,False
482,2015100000,2015年度,25214,滋賀県 米原市,,"38,719",,460.0,203.0,False,True,False,False
560,2015100000,2015年度,29201,奈良県 奈良市,,"360,310",,553.9,203.0,True,True,False,False
94,2015100000,2015年度,6209,山形県 長井市,,"27,757",,340.9,202.0,False,True,False,False
475,2015100000,2015年度,25207,滋賀県 守山市,,"79,859",,543.4,202.0,False,True,True,False
321,2015100000,2015年度,16211,富山県 射水市,,"92,308",,415.8,201.0,False,True,True,False
458,2015100000,2015年度,24203,三重県 伊勢市,,"127,817",,472.5,201.0,True,True,False,False
479,2015100000,2015年度,25211,滋賀県 湖南市,,"54,289",,548.9,201.0,False,True,False,False
492,2015100000,2015年度,26209,京都府 長岡京市,,"80,090",,530.1,201.0,True,True,False,False
521,2015100000,2015年度,27223,大阪府 門真市,,"123,576",,567.5,201.0,False,True,False,False
528,2015100000,2015年度,27230,大阪府 交野市,,"76,435",,543.5,201.0,True,True,False,False
623,2015100000,2015年度,35202,山口県 宇部市,,"169,429",,960.4,201.0,False,False,True,True
139,2015100000,2015年度,8232,茨城県 神栖市,,"94,522",,134.8,200.0,True,False,True,False
501,2015100000,2015年度,27203,大阪府 豊中市,,"395,479",,563.0,200.0,False,True,False,False
533,2015100000,2015年度,28202,兵庫県 尼崎市,,"452,563",,568.2,200.0,False,True,False,False
472,2015100000,2015年度,25203,滋賀県 長浜市,,"118,193",,454.8,199.0,True,True,False,False
378,2015100000,2015年度,21205,岐阜県 関市,,"89,153",,436.6,198.0,True,True,False,False
427,2015100000,2015年度,23209,愛知県 碧南市,,"71,346",,403.6,198.0,False,True,False,False
531,2015100000,2015年度,28100,兵庫県 神戸市,,"1,537,272",,597.1,198.0,False,True,False,False
535,2015100000,2015年度,28204,兵庫県 西宮市,,"487,850",,572.2,198.0,True,True,False,False
568,2015100000,2015年度,29209,奈良県 生駒市,,"118,233",,555.3,198.0,True,True,False,False
651,2015100000,2015年度,38201,愛媛県 松山市,,"514,865",,887.3,198.0,False,False,True,True
387,2015100000,2015年度,21214,岐阜県 可児市,,"98,695",,408.2,197.0,False,True,False,False
391,2015100000,2015年度,21218,岐阜県 本巣市,,"33,995",,409.9,197.0,False,True,True,False
408,2015100000,2015年度,22215,静岡県 御殿場市,,"88,078",,157.7,197.0,False,True,False,False
473,2015100000,2015年度,25204,滋賀県 近江八幡市,,"81,312",,475.8,197.0,False,True,False,False
494,2015100000,2015年度,26211,京都府 京田辺市,,"70,835",,534.4,197.0,True,True,False,False
537,2015100000,2015年度,28206,兵庫県 芦屋市,,"95,350",,576.2,197.0,False,True,False,False
317,2015100000,2015年度,16207,富山県 黒部市,,"40,991",,425.5,196.0,False,True,False,False
507,2015100000,2015年度,27209,大阪府 守口市,,"143,042",,565.7,196.0,False,True,False,False
513,2015100000,2015年度,27215,大阪府 寝屋川市,,"237,518",,545.9,196.0,True,True,False,False
48,2015100000,2015年度,3205,岩手県 花巻市,,"97,702",,571.2,195.0,False,True,False,False
96,2015100000,2015年度,6211,山形県 東根市,,"47,768",,381.6,195.0,False,True,False,False
162,2015100000,2015年度,10205,群馬県 太田市,,"219,807",,111.7,195.0,True,False,False,False
490,2015100000,2015年度,26207,京都府 城陽市,,"76,869",,535.9,195.0,False,True,False,False
582,2015100000,2015年度,31202,鳥取県 米子市,,"149,313",,811.2,195.0,False,False,True,True
366,2015100000,2015年度,20212,長野県 大町市,,"28,041",,271.3,194.0,True,True,True,False
456,2015100000,2015年度,24201,三重県 津市,,"279,886",,544.9,194.0,False,True,False,False
522,2015100000,2015年度,27224,大阪府 摂津市,,"85,007",,544.9,194.0,False,True,False,False
49,2015100000,2015年度,3206,岩手県 北上市,,"93,511",,489.9,193.0,False,True,False,False
65,2015100000,2015年度,4208,宮城県 角田市,,"30,180",,390.6,193.0,False,True,False,False
516,2015100000,2015年度,27218,大阪府 大東市,,"123,217",,570.1,193.0,False,True,False,False
388,2015100000,2015年度,21215,岐阜県 山県市,,"27,114",,408.6,192.0,True,True,True,False
332,2015100000,2015年度,17212,石川県 野々市市,,"55,099",,459.3,191.0,False,True,False,False
476,2015100000,2015年度,25208,滋賀県 栗東市,,"66,749",,540.4,191.0,False,True,False,False
584,2015100000,2015年度,31204,鳥取県 境港市,,"34,174",,801.1,191.0,False,False,False,True
331,2015100000,2015年度,17211,石川県 能美市,,"48,881",,473.7,190.0,False,True,False,False
508,2015100000,2015年度,27210,大阪府 枚方市,,"404,152",,539.1,189.0,True,True,False,False
37,2015100000,2015年度,2203,青森県 八戸市,,"231,257",,637.8,188.0,False,True,False,False
72,2015100000,2015年度,4216,宮城県 富谷市,,"51,591",,371.8,188.0,False,True,True,False
502,2015100000,2015年度,27204,大阪府 池田市,,"103,069",,537.7,188.0,False,False,False,True
57,2015100000,2015年度,3215,岩手県 奥州市,,"119,422",,472.7,187.0,False,True,False,False
92,2015100000,2015年度,6207,山形県 上山市,,"31,569",,351.3,187.0,False,True,True,False
300,2015100000,2015年度,15211,新潟県 見附市,,"40,608",,290.1,187.0,False,True,True,False
303,2015100000,2015年度,15216,新潟県 糸魚川市,,"44,162",,332.0,187.0,False,True,False,False
313,2015100000,2015年度,16202,富山県 高岡市,,"172,125",,412.3,187.0,False,True,False,False
453,2015100000,2015年度,23236,愛知県 みよし市,,"61,810",,389.1,187.0,False,True,True,False
581,2015100000,2015年度,31201,鳥取県 鳥取市,,"193,717",,697.5,186.0,False,False,True,True
503,2015100000,2015年度,27205,大阪府 吹田市,,"374,468",,557.5,185.0,False,True,False,False
509,2015100000,2015年度,27211,大阪府 茨木市,,"280,033",,541.0,183.0,False,True,False,False
420,2015100000,2015年度,23202,愛知県 岡崎市,,"381,051",,329.2,182.0,True,True,True,False
452,2015100000,2015年度,23235,愛知県 弥富市,,"43,269",,392.9,182.0,False,True,True,False
457,2015100000,2015年度,24202,三重県 四日市市,,"311,031",,408.4,182.0,True,True,True,False
493,2015100000,2015年度,26210,京都府 八幡市,,"72,664",,529.5,182.0,True,True,False,False
297,2015100000,2015年度,15208,新潟県 小千谷市,,"36,498",,295.1,181.0,False,True,True,False
314,2015100000,2015年度,16204,富山県 魚津市,,"42,935",,418.3,180.0,False,True,False,False
384,2015100000,2015年度,21211,岐阜県 美濃加茂市,,"55,384",,424.5,180.0,True,True,False,False
474,2015100000,2015年度,25206,滋賀県 草津市,,"137,247",,536.4,180.0,False,True,False,False
487,2015100000,2015年度,26204,京都府 宇治市,,"184,678",,531.8,179.0,False,True,True,False
31,2015100000,2015年度,1233,北海道 伊達市,,"34,995",,286.2,178.0,False,True,True,False
69,2015100000,2015年度,4213,宮城県 栗原市,,"69,906",,423.2,178.0,False,True,True,False
110,2015100000,2015年度,7213,福島県 伊達市,,"62,400",,286.2,178.0,False,True,True,False
430,2015100000,2015年度,23212,愛知県 安城市,,"184,140",,400.8,178.0,True,True,False,False
60,2015100000,2015年度,4202,宮城県 石巻市,,"147,214",,399.1,177.0,False,True,False,False
311,2015100000,2015年度,15227,新潟県 胎内市,,"30,198",,376.1,177.0,True,True,False,False
358,2015100000,2015年度,20204,長野県 岡谷市,,"50,128",,211.6,177.0,True,False,False,False
434,2015100000,2015年度,23216,愛知県 常滑市,,"56,547",,402.9,177.0,True,True,False,False
470,2015100000,2015年度,25201,滋賀県 大津市,,"340,973",,528.6,177.0,False,True,False,False
636,2015100000,2015年度,36202,徳島県 鳴門市,,"59,101",,731.0,177.0,False,False,True,True
350,2015100000,2015年度,19210,山梨県 甲斐市,,"74,386",,146.9,176.0,True,False,False,False
383,2015100000,2015年度,21210,岐阜県 恵那市,,"51,073",,435.1,176.0,True,True,False,False
438,2015100000,2015年度,23221,愛知県 新城市,,"47,133",,315.8,176.0,False,True,False,False
464,2015100000,2015年度,24210,三重県 亀山市,,"50,254",,426.3,176.0,False,True,False,False
241,2015100000,2015年度,12234,千葉県 南房総市,,"39,033",,157.1,175.0,True,False,False,False
298,2015100000,2015年度,15209,新潟県 加茂市,,"27,852",,302.8,175.0,False,True,False,False
304,2015100000,2015年度,15217,新潟県 妙高市,,"33,199",,289.0,175.0,False,True,False,False
443,2015100000,2015年度,23226,愛知県 尾張旭市,,"80,787",,387.3,175.0,False,True,False,False
489,2015100000,2015年度,26206,京都府 亀岡市,,"89,479",,532.1,175.0,False,True,False,False
538,2015100000,2015年度,28207,兵庫県 伊丹市,,"196,883",,538.6,175.0,False,False,True,True
356,2015100000,2015年度,20202,長野県 松本市,,"243,293",,288.5,174.0,True,True,True,False
461,2015100000,2015年度,24207,三重県 鈴鹿市,,"196,403",,418.4,174.0,False,True,False,False
491,2015100000,2015年度,26208,京都府 向日市,,"53,380",,521.4,173.0,False,True,False,False
449,2015100000,2015年度,23232,愛知県 愛西市,,"63,088",,381.3,172.0,False,True,False,False
505,2015100000,2015年度,27207,大阪府 高槻市,,"351,829",,535.2,172.0,False,True,False,False
322,2015100000,2015年度,17201,石川県 金沢市,,"465,699",,452.2,171.0,False,True,True,False
58,2015100000,2015年度,3216,岩手県 滝沢市,,"55,463",,542.9,170.0,False,True,True,False
70,2015100000,2015年度,4214,宮城県 東松島市,,"39,503",,390.9,170.0,False,True,False,False
141,2015100000,2015年度,8234,茨城県 鉾田市,,"48,147",,103.8,170.0,False,False,True,False
301,2015100000,2015年度,15212,新潟県 村上市,,"62,442",,394.7,170.0,True,True,False,False
330,2015100000,2015年度,17210,石川県 白山市,,"109,287",,460.1,170.0,False,True,False,False
349,2015100000,2015年度,19209,山梨県 北杜市,,"45,111",,168.3,170.0,True,False,False,False
423,2015100000,2015年度,23205,愛知県 半田市,,"116,908",,399.9,169.0,False,True,False,False
122,2015100000,2015年度,8214,茨城県 高萩市,,"29,638",,176.0,168.0,True,False,False,False
455,2015100000,2015年度,23238,愛知県 長久手市,,"57,598",,382.1,168.0,False,True,False,False
386,2015100000,2015年度,21213,岐阜県 各務原市,,"144,690",,405.2,167.0,True,True,True,False
429,2015100000,2015年度,23211,愛知県 豊田市,,"422,542",,398.9,167.0,False,True,False,False
108,2015100000,2015年度,7211,福島県 田村市,,"38,503",,255.8,166.0,False,True,False,False
368,2015100000,2015年度,20214,長野県 茅野市,,"55,912",,196.6,166.0,True,False,False,False
369,2015100000,2015年度,20215,長野県 塩尻市,,"67,135",,298.9,166.0,True,True,False,False
442,2015100000,2015年度,23225,愛知県 知立市,,"70,501",,392.5,166.0,True,True,False,False
444,2015100000,2015年度,23227,愛知県 高浜市,,"46,236",,398.9,166.0,False,True,False,False
89,2015100000,2015年度,6204,山形県 酒田市,,"106,244",,521.7,165.0,False,False,True,True
375,2015100000,2015年度,21202,岐阜県 大垣市,,"159,879",,411.7,165.0,True,True,False,False
360,2015100000,2015年度,20206,長野県 諏訪市,,"50,140",,202.6,164.0,True,False,False,False
446,2015100000,2015年度,23229,愛知県 豊明市,,"69,127",,386.3,164.0,False,True,False,False
52,2015100000,2015年度,3209,岩手県 一関市,,"121,583",,446.6,163.0,False,True,False,False
436,2015100000,2015年度,23219,愛知県 小牧市,,"149,462",,385.2,163.0,False,True,True,False
483,2015100000,2015年度,26100,京都府 京都市,,"1,475,183",,517.2,163.0,False,True,False,False
365,2015100000,2015年度,20211,長野県 中野市,,"43,909",,248.6,162.0,False,True,False,False
471,2015100000,2015年度,25202,滋賀県 彦根市,,"113,679",,452.3,162.0,False,True,False,False
306,2015100000,2015年度,15222,新潟県 上越市,,"196,987",,293.4,161.0,False,True,False,False
67,2015100000,2015年度,4211,宮城県 岩沼市,,"44,678",,371.0,160.0,False,True,False,False
367,2015100000,2015年度,20213,長野県 飯山市,,"21,438",,256.5,160.0,False,True,False,False
379,2015100000,2015年度,21206,岐阜県 中津川市,,"78,883",,446.0,160.0,True,True,False,False
381,2015100000,2015年度,21208,岐阜県 瑞浪市,,"38,730",,417.0,160.0,True,True,False,False
426,2015100000,2015年度,23208,愛知県 津島市,,"63,431",,384.2,160.0,False,True,False,False
447,2015100000,2015年度,23230,愛知県 日進市,,"87,977",,382.8,160.0,False,True,False,False
143,2015100000,2015年度,8236,茨城県 小美玉市,,"50,911",,98.9,158.0,True,False,False,False
296,2015100000,2015年度,15206,新潟県 新発田市,,"98,611",,362.3,158.0,True,True,False,False
422,2015100000,2015年度,23204,愛知県 瀬戸市,,"129,046",,396.2,158.0,False,True,False,False
433,2015100000,2015年度,23215,愛知県 犬山市,,"74,308",,394.5,157.0,False,True,False,False
414,2015100000,2015年度,22223,静岡県 御前崎市,,"32,578",,253.8,155.0,False,True,True,False
123,2015100000,2015年度,8215,茨城県 北茨城市,,"44,412",,185.9,154.0,True,False,False,False
293,2015100000,2015年度,15202,新潟県 長岡市,,"275,133",,286.9,154.0,False,True,True,False
424,2015100000,2015年度,23206,愛知県 春日井市,,"306,508",,388.4,154.0,False,True,True,False
160,2015100000,2015年度,10203,群馬県 桐生市,,"114,714",,114.8,153.0,True,False,False,False
445,2015100000,2015年度,23228,愛知県 岩倉市,,"47,562",,380.4,153.0,False,True,False,False
460,2015100000,2015年度,24205,三重県 桑名市,,"140,303",,390.4,153.0,False,True,False,False
240,2015100000,2015年度,12233,千葉県 富里市,,"49,636",,96.6,151.0,True,False,True,False
371,2015100000,2015年度,20218,長野県 千曲市,,"60,298",,236.5,150.0,False,True,False,False
374,2015100000,2015年度,21201,岐阜県 岐阜市,,"406,735",,398.3,150.0,True,True,True,False
87,2015100000,2015年度,6202,山形県 米沢市,,"85,953",,316.6,149.0,False,True,True,False
183,2015100000,2015年度,11216,埼玉県 羽生市,,"54,874",,65.8,149.0,False,False,False,False
428,2015100000,2015年度,23210,愛知県 刈谷市,,"149,765",,392.0,149.0,False,True,False,False
435,2015100000,2015年度,23217,愛知県 江南市,,"98,359",,386.1,149.0,False,True,False,False
63,2015100000,2015年度,4206,宮城県 白石市,,"35,272",,308.5,148.0,False,True,False,False
370,2015100000,2015年度,20217,長野県 佐久市,,"99,368",,176.4,148.0,False,True,False,False
372,2015100000,2015年度,20219,長野県 東御市,,"30,107",,199.2,148.0,False,True,False,False
407,2015100000,2015年度,22214,静岡県 藤枝市,,"143,605",,205.9,148.0,False,True,True,False
437,2015100000,2015年度,23220,愛知県 稲沢市,,"136,867",,379.1,148.0,False,True,False,False
439,2015100000,2015年度,23222,愛知県 東海市,,"111,944",,386.1,148.0,True,True,False,False
441,2015100000,2015年度,23224,愛知県 知多市,,"84,617",,388.7,148.0,True,True,False,False
450,2015100000,2015年度,23233,愛知県 清須市,,"67,327",,375.9,148.0,False,True,False,False
98,2015100000,2015年度,6213,山形県 南陽市,,"32,285",,329.8,147.0,False,True,False,False
104,2015100000,2015年度,7207,福島県 須賀川市,,"77,441",,240.2,147.0,False,True,False,False
169,2015100000,2015年度,10212,群馬県 みどり市,,"50,906",,142.0,147.0,False,True,True,False
448,2015100000,2015年度,23231,愛知県 田原市,,"62,364",,312.3,147.0,False,True,False,False
164,2015100000,2015年度,10207,群馬県 館林市,,"76,667",,79.4,146.0,False,True,True,False
418,2015100000,2015年度,23100,愛知県 名古屋市,,"2,295,638",,377.0,146.0,False,True,True,False
151,2015100000,2015年度,9209,栃木県 真岡市,,"79,539",,134.7,145.0,False,True,True,False
294,2015100000,2015年度,15204,新潟県 三条市,,"99,192",,297.7,145.0,False,True,False,False
343,2015100000,2015年度,19202,山梨県 富士吉田市,,"49,003",,116.4,145.0,False,False,True,False
412,2015100000,2015年度,22221,静岡県 湖西市,,"59,789",,278.2,145.0,False,True,False,False
214,2015100000,2015年度,12205,千葉県 館山市,,"47,464",,121.4,144.0,False,False,True,False
421,2015100000,2015年度,23203,愛知県 一宮市,,"380,868",,385.5,144.0,False,True,True,False
454,2015100000,2015年度,23237,愛知県 あま市,,"86,898",,374.2,144.0,False,True,False,False
61,2015100000,2015年度,4203,宮城県 塩竈市,,"54,187",,367.0,143.0,False,True,False,False
71,2015100000,2015年度,4215,宮城県 大崎市,,"133,391",,399.8,143.0,False,True,True,False
342,2015100000,2015年度,19201,山梨県 甲府市,,"193,125",,136.6,143.0,True,False,True,False
389,2015100000,2015年度,21216,岐阜県 瑞穂市,,"54,354",,402.9,143.0,False,True,False,False
137,2015100000,2015年度,8230,茨城県 かすみがうら市,,"42,147",,96.2,142.0,True,False,True,False
385,2015100000,2015年度,21212,岐阜県 土岐市,,"57,827",,409.2,142.0,True,True,False,False
130,2015100000,2015年度,8223,茨城県 潮来市,,"29,111",,100.5,141.0,False,False,True,False
440,2015100000,2015年度,23223,愛知県 大府市,,"89,157",,386.0,141.0,False,True,False,False
45,2015100000,2015年度,3201,岩手県 盛岡市,,"297,631",,535.5,140.0,False,True,False,False
66,2015100000,2015年度,4209,宮城県 多賀城市,,"62,096",,364.4,140.0,False,True,False,False
292,2015100000,2015年度,15100,新潟県 新潟市,,"810,157",,336.1,139.0,False,True,True,False
344,2015100000,2015年度,19204,山梨県 都留市,,"32,002",,96.4,139.0,True,False,False,False
121,2015100000,2015年度,8212,茨城県 常陸太田市,,"52,294",,142.3,138.0,True,False,False,False
107,2015100000,2015年度,7210,福島県 二本松市,,"58,162",,251.2,137.0,False,True,False,False
451,2015100000,2015年度,23234,愛知県 北名古屋市,,"84,133",,375.7,137.0,False,True,False,False
410,2015100000,2015年度,22219,静岡県 下田市,,"22,916",,167.4,136.0,True,True,False,False
415,2015100000,2015年度,22224,静岡県 菊川市,,"46,763",,226.4,136.0,False,True,True,False
404,2015100000,2015年度,22211,静岡県 磐田市,,"167,210",,270.5,135.0,False,True,False,False
103,2015100000,2015年度,7205,福島県 白河市,,"61,913",,189.8,134.0,False,True,False,False
417,2015100000,2015年度,22226,静岡県 牧之原市,,"45,547",,217.0,134.0,True,True,True,False
64,2015100000,2015年度,4207,宮城県 名取市,,"76,668",,364.7,133.0,False,True,False,False
230,2015100000,2015年度,12223,千葉県 鴨川市,,"33,932",,133.4,133.0,True,False,False,False
245,2015100000,2015年度,12238,千葉県 いすみ市,,"38,594",,106.5,133.0,True,False,False,False
299,2015100000,2015年度,15210,新潟県 十日町市,,"54,917",,233.6,133.0,False,True,False,False
411,2015100000,2015年度,22220,静岡県 裾野市,,"52,737",,135.2,133.0,False,True,True,False
59,2015100000,2015年度,4100,宮城県 仙台市,,"1,082,159",,358.3,131.0,False,True,False,False
149,2015100000,2015年度,9206,栃木県 日光市,,"83,386",,141.5,131.0,False,True,True,False
351,2015100000,2015年度,19211,山梨県 笛吹市,,"69,559",,129.2,131.0,True,False,False,False
119,2015100000,2015年度,8210,茨城県 下妻市,,"43,293",,69.6,130.0,False,False,False,False
175,2015100000,2015年度,11207,埼玉県 秩父市,,"63,555",,87.4,130.0,True,False,False,False
312,2015100000,2015年度,16201,富山県 富山市,,"418,686",,392.2,130.0,False,True,False,False
347,2015100000,2015年度,19207,山梨県 韮崎市,,"30,680",,147.8,130.0,True,False,False,False
382,2015100000,2015年度,21209,岐阜県 羽島市,,"67,337",,398.3,130.0,False,True,False,False
401,2015100000,2015年度,22208,静岡県 伊東市,,"68,345",,137.1,130.0,False,True,False,False
233,2015100000,2015年度,12226,千葉県 富津市,,"45,601",,91.5,129.0,False,False,False,False
211,2015100000,2015年度,12202,千葉県 銚子市,,"64,415",,122.1,128.0,True,False,False,False
243,2015100000,2015年度,12236,千葉県 香取市,,"77,499",,96.0,128.0,False,False,False,False
409,2015100000,2015年度,22216,静岡県 袋井市,,"85,789",,277.2,128.0,False,True,False,False
129,2015100000,2015年度,8222,茨城県 鹿嶋市,,"67,879",,115.1,127.0,False,False,True,False
132,2015100000,2015年度,8225,茨城県 常陸大宮市,,"42,587",,145.3,127.0,True,False,False,False
156,2015100000,2015年度,9215,栃木県 那須烏山市,,"27,047",,134.3,127.0,False,True,False,False
362,2015100000,2015年度,20208,長野県 小諸市,,"42,512",,169.1,127.0,False,True,False,False
400,2015100000,2015年度,22207,静岡県 富士宮市,,"130,770",,158.7,127.0,False,True,False,False
708,2015100000,2015年度,41207,佐賀県 鹿島市,,"29,684",,115.1,127.0,False,False,True,False
432,2015100000,2015年度,23214,愛知県 蒲郡市,,"81,100",,311.4,124.0,False,True,False,False
222,2015100000,2015年度,12215,千葉県 旭市,,"66,586",,106.1,121.0,True,False,False,False
113,2015100000,2015年度,8202,茨城県 日立市,,"185,054",,151.3,120.0,True,False,True,False
136,2015100000,2015年度,8229,茨城県 稲敷市,,"42,810",,92.7,117.0,True,False,True,False
406,2015100000,2015年度,22213,静岡県 掛川市,,"114,602",,230.6,117.0,False,True,False,False
99,2015100000,2015年度,7201,福島県 福島市,,"294,247",,275.1,116.0,False,True,True,False
112,2015100000,2015年度,8201,茨城県 水戸市,,"270,783",,116.8,116.0,True,False,False,False
168,2015100000,2015年度,10211,群馬県 安中市,,"58,531",,118.3,116.0,False,True,False,False
283,2015100000,2015年度,14210,神奈川県 三浦市,,"45,289",,77.4,115.0,True,False,True,False
403,2015100000,2015年度,22210,静岡県 富士市,,"248,399",,144.9,115.0,False,True,False,False
413,2015100000,2015年度,22222,静岡県 伊豆市,,"31,317",,141.4,115.0,False,True,False,False
133,2015100000,2015年度,8226,茨城県 那珂市,,"54,276",,132.2,113.0,True,False,False,False
310,2015100000,2015年度,15226,新潟県 南魚沼市,,"58,568",,217.5,113.0,False,True,False,False
163,2015100000,2015年度,10206,群馬県 沼田市,,"48,676",,161.0,112.0,False,True,True,False
165,2015100000,2015年度,10208,群馬県 渋川市,,"78,391",,136.8,111.0,True,True,True,False
287,2015100000,2015年度,14214,神奈川県 伊勢原市,,"101,514",,69.4,111.0,False,False,True,False
167,2015100000,2015年度,10210,群馬県 富岡市,,"49,746",,125.4,109.0,False,True,False,False
225,2015100000,2015年度,12218,千葉県 勝浦市,,"19,248",,111.5,109.0,True,False,False,False
402,2015100000,2015年度,22209,静岡県 島田市,,"98,112",,208.5,109.0,False,True,False,False
128,2015100000,2015年度,8221,茨城県 ひたちなか市,,"155,689",,132.6,108.0,True,False,False,False
135,2015100000,2015年度,8228,茨城県 坂東市,,"54,087",,59.7,108.0,False,False,True,False
161,2015100000,2015年度,10204,群馬県 伊勢崎市,,"208,814",,130.2,108.0,False,True,True,False
352,2015100000,2015年度,19212,山梨県 上野原市,,"24,805",,71.8,107.0,False,False,False,False
101,2015100000,2015年度,7203,福島県 郡山市,,"335,444",,230.3,106.0,False,True,True,False
158,2015100000,2015年度,10201,群馬県 前橋市,,"336,154",,120.3,106.0,False,True,False,False
153,2015100000,2015年度,9211,栃木県 矢板市,,"33,354",,174.8,105.0,False,True,False,False
206,2015100000,2015年度,11242,埼玉県 日高市,,"56,520",,55.2,105.0,True,False,False,False
251,2015100000,2015年度,13205,東京都 青梅市,,"137,381",,56.5,105.0,False,False,False,False
276,2015100000,2015年度,14201,神奈川県 横須賀市,,"406,586",,66.9,105.0,True,False,True,False
345,2015100000,2015年度,19205,山梨県 山梨市,,"35,141",,122.2,105.0,True,False,False,False
115,2015100000,2015年度,8204,茨城県 古河市,,"140,946",,98.8,104.0,False,True,False,False
353,2015100000,2015年度,19213,山梨県 甲州市,,"31,671",,117.0,104.0,True,False,False,False
147,2015100000,2015年度,9204,栃木県 佐野市,,"118,919",,84.8,103.0,True,False,False,False
148,2015100000,2015年度,9205,栃木県 鹿沼市,,"98,374",,127.4,103.0,False,True,True,False
416,2015100000,2015年度,22225,静岡県 伊豆の国市,,"48,152",,133.1,103.0,False,True,False,False
154,2015100000,2015年度,9213,栃木県 那須塩原市,,"117,146",,164.0,102.0,False,True,True,False
166,2015100000,2015年度,10209,群馬県 藤岡市,,"65,708",,117.6,102.0,False,True,False,False
242,2015100000,2015年度,12235,千葉県 匝瑳市,,"37,261",,95.3,102.0,True,False,False,False
405,2015100000,2015年度,22212,静岡県 焼津市,,"139,462",,195.2,101.0,False,True,False,False
419,2015100000,2015年度,23201,愛知県 豊橋市,,"374,765",,295.1,101.0,False,True,False,False
766,2015100000,2015年度,46208,鹿児島県 出水市,,"53,758",,110.8,101.0,True,False,False,False
185,2015100000,2015年度,11218,埼玉県 深谷市,,"143,811",,81.5,100.0,False,False,False,False
203,2015100000,2015年度,11239,埼玉県 坂戸市,,"101,679",,53.4,100.0,True,False,False,False
284,2015100000,2015年度,14211,神奈川県 秦野市,,"167,378",,76.5,99.0,False,False,False,False
346,2015100000,2015年度,19206,山梨県 大月市,,"25,419",,89.2,99.0,True,False,False,False
396,2015100000,2015年度,22130,静岡県 浜松市,,"797,980",,258.1,99.0,False,True,False,False
152,2015100000,2015年度,9210,栃木県 大田原市,,"75,457",,166.8,98.0,False,True,True,False
204,2015100000,2015年度,11240,埼玉県 幸手市,,"52,524",,53.1,98.0,True,False,False,False
145,2015100000,2015年度,9202,栃木県 足利市,,"149,452",,90.7,96.0,True,False,False,False
146,2015100000,2015年度,9203,栃木県 栃木市,,"159,211",,89.6,96.0,True,True,True,False
155,2015100000,2015年度,9214,栃木県 さくら市,,"44,901",,127.8,96.0,False,True,False,False
397,2015100000,2015年度,22203,静岡県 沼津市,,"195,633",,132.2,96.0,False,True,True,False
178,2015100000,2015年度,11210,埼玉県 加須市,,"112,229",,61.3,94.0,False,False,False,False
179,2015100000,2015年度,11211,埼玉県 本庄市,,"77,881",,125.3,94.0,False,True,False,False
355,2015100000,2015年度,20201,長野県 長野市,,"377,598",,223.5,93.0,False,True,False,False
126,2015100000,2015年度,8219,茨城県 牛久市,,"84,317",,58.3,92.0,False,False,True,False
357,2015100000,2015年度,20203,長野県 上田市,,"156,827",,189.8,92.0,False,True,False,False
144,2015100000,2015年度,9201,栃木県 宇都宮市,,"518,594",,115.4,90.0,False,True,True,False
116,2015100000,2015年度,8205,茨城県 石岡市,,"76,020",,89.0,88.0,True,False,True,False
238,2015100000,2015年度,12231,千葉県 印西市,,"92,670",,47.2,88.0,False,False,True,False
285,2015100000,2015年度,14212,神奈川県 厚木市,,"225,714",,57.1,88.0,False,False,False,False
124,2015100000,2015年度,8216,茨城県 笠間市,,"76,739",,105.3,87.0,True,False,False,False
174,2015100000,2015年度,11206,埼玉県 行田市,,"82,113",,71.3,87.0,False,False,False,False
198,2015100000,2015年度,11233,埼玉県 北本市,,"67,409",,50.9,87.0,False,False,True,False
271,2015100000,2015年度,13228,東京都 あきる野市,,"80,954",,49.1,87.0,False,False,False,False
177,2015100000,2015年度,11209,埼玉県 飯能市,,"80,715",,53.8,85.0,True,False,False,False
221,2015100000,2015年度,12213,千葉県 東金市,,"60,652",,68.2,85.0,True,False,False,False
232,2015100000,2015年度,12225,千葉県 君津市,,"86,033",,61.3,85.0,False,False,True,False
267,2015100000,2015年度,13223,東京都 武蔵村山市,,"71,229",,45.3,84.0,False,False,True,False
180,2015100000,2015年度,11212,埼玉県 東松山市,,"91,437",,59.4,82.0,True,False,False,False
215,2015100000,2015年度,12206,千葉県 木更津市,,"134,141",,74.4,82.0,False,False,False,False
117,2015100000,2015年度,8207,茨城県 結城市,,"51,594",,87.1,81.0,False,True,False,False
134,2015100000,2015年度,8227,茨城県 筑西市,,"104,573",,96.9,81.0,False,True,False,False
205,2015100000,2015年度,11241,埼玉県 鶴ヶ島市,,"70,255",,46.9,81.0,True,False,False,False
279,2015100000,2015年度,14205,神奈川県 藤沢市,,"423,894",,54.6,80.0,True,False,False,False
131,2015100000,2015年度,8224,茨城県 守谷市,,"64,753",,41.3,79.0,False,False,False,False
270,2015100000,2015年度,13227,東京都 羽村市,,"55,833",,50.0,79.0,False,False,False,False
277,2015100000,2015年度,14203,神奈川県 平塚市,,"258,227",,66.1,79.0,True,False,True,False
290,2015100000,2015年度,14217,神奈川県 南足柄市,,"43,306",,93.9,79.0,False,True,False,False
188,2015100000,2015年度,11222,埼玉県 越谷市,,"337,498",,32.8,78.0,False,False,True,False
244,2015100000,2015年度,12237,千葉県 山武市,,"52,222",,77.7,78.0,True,False,False,False
127,2015100000,2015年度,8220,茨城県 つくば市,,"226,963",,58.3,77.0,False,False,False,False
218,2015100000,2015年度,12210,千葉県 茂原市,,"89,688",,75.3,77.0,True,False,False,False
197,2015100000,2015年度,11232,埼玉県 久喜市,,"152,311",,52.5,76.0,True,False,False,False
226,2015100000,2015年度,12219,千葉県 市原市,,"274,656",,55.9,76.0,False,False,True,False
288,2015100000,2015年度,14215,神奈川県 海老名市,,"130,190",,53.3,76.0,False,False,False,False
291,2015100000,2015年度,14218,神奈川県 綾瀬市,,"84,460",,51.9,75.0,True,True,True,False
120,2015100000,2015年度,8211,茨城県 常総市,,"61,483",,48.3,74.0,False,False,False,False
176,2015100000,2015年度,11208,埼玉県 所沢市,,"340,386",,36.5,74.0,True,False,True,False
247,2015100000,2015年度,13201,東京都 八王子市,,"577,513",,45.7,74.0,True,False,True,False
289,2015100000,2015年度,14216,神奈川県 座間市,,"128,737",,45.8,74.0,False,False,False,False
395,2015100000,2015年度,22100,静岡県 静岡市,,"704,989",,181.2,74.0,False,True,False,False
157,2015100000,2015年度,9216,栃木県 下野市,,"59,431",,90.8,73.0,False,True,False,False
172,2015100000,2015年度,11202,埼玉県 熊谷市,,"198,742",,70.1,73.0,False,True,True,False
181,2015100000,2015年度,11214,埼玉県 春日部市,,"232,709",,48.8,73.0,False,True,False,False
184,2015100000,2015年度,11217,埼玉県 鴻巣市,,"118,072",,51.8,73.0,False,False,True,False
207,2015100000,2015年度,11243,埼玉県 吉川市,,"69,738",,40.0,73.0,False,False,False,False
208,2015100000,2015年度,11245,埼玉県 ふじみ野市,,"110,970",,30.5,73.0,False,False,True,False
236,2015100000,2015年度,12229,千葉県 袖ケ浦市,,"60,952",,45.3,73.0,False,False,True,False
195,2015100000,2015年度,11230,埼玉県 新座市,,"162,122",,29.8,72.0,True,False,True,False
259,2015100000,2015年度,13213,東京都 東村山市,,"149,956",,37.7,72.0,True,False,False,False
262,2015100000,2015年度,13218,東京都 福生市,,"58,395",,47.7,72.0,False,False,False,False
265,2015100000,2015年度,13221,東京都 清瀬市,,"74,864",,30.1,72.0,False,False,True,False
268,2015100000,2015年度,13224,東京都 多摩市,,"146,631",,41.5,72.0,True,False,False,False
150,2015100000,2015年度,9208,栃木県 小山市,,"166,760",,46.7,71.0,True,False,False,False
281,2015100000,2015年度,14207,神奈川県 茅ヶ崎市,,"239,348",,60.5,71.0,True,False,True,False
269,2015100000,2015年度,13225,東京都 稲城市,,"87,636",,37.4,70.0,True,False,False,False
224,2015100000,2015年度,12217,千葉県 柏市,,"413,954",,37.4,69.0,False,False,True,False
182,2015100000,2015年度,11215,埼玉県 狭山市,,"152,405",,43.2,68.0,True,False,False,False
125,2015100000,2015年度,8217,茨城県 取手市,,"106,570",,45.6,67.0,False,False,True,False
142,2015100000,2015年度,8235,茨城県 つくばみらい市,,"49,136",,47.1,67.0,False,False,False,False
219,2015100000,2015年度,12211,千葉県 成田市,,"131,190",,69.0,67.0,True,False,False,False
220,2015100000,2015年度,12212,千葉県 佐倉市,,"172,739",,56.7,67.0,True,False,False,False
261,2015100000,2015年度,13215,東京都 国立市,,"73,655",,36.6,66.0,False,False,True,False
201,2015100000,2015年度,11237,埼玉県 三郷市,,"136,521",,43.4,65.0,False,False,False,False
237,2015100000,2015年度,12230,千葉県 八街市,,"70,734",,66.6,65.0,True,False,False,False
239,2015100000,2015年度,12232,千葉県 白井市,,"61,674",,35.1,65.0,False,False,False,False
253,2015100000,2015年度,13207,東京都 昭島市,,"111,539",,42.2,65.0,False,False,False,False
200,2015100000,2015年度,11235,埼玉県 富士見市,,"108,102",,32.2,64.0,False,False,True,False
216,2015100000,2015年度,12207,千葉県 松戸市,,"483,480",,36.0,64.0,False,False,False,False
257,2015100000,2015年度,13211,東京都 小平市,,"190,005",,28.3,64.0,False,False,False,False
193,2015100000,2015年度,11228,埼玉県 志木市,,"72,676",,27.5,63.0,True,False,False,False
217,2015100000,2015年度,12208,千葉県 野田市,,"153,583",,47.0,63.0,False,False,False,False
209,2015100000,2015年度,11246,埼玉県 白岡市,,"51,535",,44.7,62.0,False,False,False,False
264,2015100000,2015年度,13220,東京都 東大和市,,"85,157",,40.6,62.0,False,False,False,False
272,2015100000,2015年度,13229,東京都 西東京市,,"200,012",,24.0,62.0,False,False,True,False
282,2015100000,2015年度,14208,神奈川県 逗子市,,"57,425",,55.2,62.0,True,False,False,False
286,2015100000,2015年度,14213,神奈川県 大和市,,"232,922",,40.6,62.0,False,False,False,False
246,2015100000,2015年度,12239,千葉県 大網白里市,,"49,184",,63.1,61.0,True,False,False,False
258,2015100000,2015年度,13212,東京都 日野市,,"186,283",,44.0,61.0,False,False,False,False
159,2015100000,2015年度,10202,群馬県 高崎市,,"370,884",,105.6,60.0,False,True,False,False
187,2015100000,2015年度,11221,埼玉県 草加市,,"247,034",,20.6,60.0,False,False,True,False
228,2015100000,2015年度,12221,千葉県 八千代市,,"193,152",,35.3,60.0,True,False,False,False
196,2015100000,2015年度,11231,埼玉県 桶川市,,"73,936",,42.8,59.0,False,False,False,False
227,2015100000,2015年度,12220,千葉県 流山市,,"174,373",,29.4,59.0,False,False,False,False
255,2015100000,2015年度,13209,東京都 町田市,,"432,348",,45.8,59.0,False,True,False,False
398,2015100000,2015年度,22205,静岡県 熱海市,,"37,544",,108.0,59.0,False,True,True,False
199,2015100000,2015年度,11234,埼玉県 八潮市,,"86,717",,19.2,58.0,False,False,True,False
114,2015100000,2015年度,8203,茨城県 土浦市,,"140,804",,69.7,57.0,True,False,False,False
118,2015100000,2015年度,8208,茨城県 龍ケ崎市,,"78,342",,51.3,57.0,False,False,False,False
191,2015100000,2015年度,11225,埼玉県 入間市,,"148,390",,45.5,57.0,True,False,False,False
266,2015100000,2015年度,13222,東京都 東久留米市,,"116,632",,26.9,57.0,False,False,False,False
186,2015100000,2015年度,11219,埼玉県 上尾市,,"225,196",,39.6,56.0,False,False,False,False
210,2015100000,2015年度,12100,千葉県 千葉市,,"971,882",,36.7,56.0,False,False,False,False
229,2015100000,2015年度,12222,千葉県 我孫子市,,"131,606",,38.0,56.0,False,False,False,False
274,2015100000,2015年度,14130,神奈川県 川崎市,,"1,475,213",,28.6,56.0,True,False,False,False
173,2015100000,2015年度,11203,埼玉県 川口市,,"578,112",,20.4,55.0,False,False,False,False
256,2015100000,2015年度,13210,東京都 小金井市,,"121,396",,29.4,55.0,False,False,True,False
278,2015100000,2015年度,14204,神奈川県 鎌倉市,,"173,019",,51.3,55.0,True,False,False,False
171,2015100000,2015年度,11201,埼玉県 川越市,,"350,745",,40.1,54.0,True,False,False,False
231,2015100000,2015年度,12224,千葉県 鎌ケ谷市,,"108,917",,31.4,54.0,False,False,False,False
235,2015100000,2015年度,12228,千葉県 四街道市,,"89,245",,48.0,54.0,True,False,False,False
260,2015100000,2015年度,13214,東京都 国分寺市,,"122,742",,33.7,54.0,False,False,False,False
399,2015100000,2015年度,22206,静岡県 三島市,,"110,046",,121.0,54.0,False,True,False,False
252,2015100000,2015年度,13206,東京都 府中市,,"260,274",,32.7,53.0,True,False,False,False
614,2015100000,2015年度,34208,広島県 府中市,,"40,069",,32.7,53.0,True,False,False,False
273,2015100000,2015年度,14100,神奈川県 横浜市,,"3,724,844",,33.6,52.0,False,True,False,False
192,2015100000,2015年度,11227,埼玉県 朝霞市,,"136,299",,25.7,51.0,True,False,False,False
275,2015100000,2015年度,14150,神奈川県 相模原市,,"720,780",,36.7,51.0,False,True,False,False
223,2015100000,2015年度,12216,千葉県 習志野市,,"167,909",,28.2,50.0,True,False,False,False
248,2015100000,2015年度,13202,東京都 立川市,,"176,295",,38.1,50.0,False,False,False,False
263,2015100000,2015年度,13219,東京都 狛江市,,"80,249",,24.4,50.0,False,False,False,False
170,2015100000,2015年度,11100,埼玉県 さいたま市,,"1,263,979",,23.3,49.0,False,False,False,False
189,2015100000,2015年度,11223,埼玉県 蕨市,,"72,260",,21.0,47.0,False,False,True,False
202,2015100000,2015年度,11238,埼玉県 蓮田市,,"62,380",,39.5,47.0,False,False,False,False
250,2015100000,2015年度,13204,東京都 三鷹市,,"186,936",,26.6,46.0,False,False,True,False
254,2015100000,2015年度,13208,東京都 調布市,,"229,061",,26.2,46.0,True,False,False,False
190,2015100000,2015年度,11224,埼玉県 戸田市,,"136,150",,19.8,43.0,False,False,True,False
212,2015100000,2015年度,12203,千葉県 市川市,,"481,732",,19.0,43.0,False,False,False,False
194,2015100000,2015年度,11229,埼玉県 和光市,,"80,826",,20.2,42.0,False,False,False,False
280,2015100000,2015年度,14206,神奈川県 小田原市,,"194,086",,84.4,42.0,False,True,False,False
629,2015100000,2015年度,35210,山口県 光市,,"51,369",,20.2,42.0,False,False,False,False
213,2015100000,2015年度,12204,千葉県 船橋市,,"622,890",,23.6,36.0,False,False,False,False
249,2015100000,2015年度,13203,東京都 武蔵野市,,"144,730",,22.8,36.0,False,False,False,False
234,2015100000,2015年度,12227,千葉県 浦安市,,"164,024",,14.4,31.0,False,False,True,False